-- SECTION Create database with IF EXISTS Checking
USE master
GO

IF NOT EXISTS (
    SELECT name
        FROM sys.databases
        WHERE name = N'ResourceMaster'
)
CREATE DATABASE ResourceMaster
GO
-- !SECTION Done || Create database with IF EXISTS checking

-- SECTION Drop tables with IF EXISTS checking
USE ResourceMaster
GO

DROP TABLE IF EXISTS mengandung
DROP TABLE IF EXISTS menghasilkan_produk_tambang
DROP TABLE IF EXISTS menghasilkan_produk_kebun
DROP TABLE IF EXISTS menghasilkan_produk_hutan
DROP TABLE IF EXISTS menjalin
DROP TABLE IF EXISTS dimiliki_oleh
DROP TABLE IF EXISTS dimanfaatkan_oleh
DROP TABLE IF EXISTS UNSUR
DROP TABLE IF EXISTS PRODUK_TAMBANG
DROP TABLE IF EXISTS PRODUK_PERKEBUNAN
DROP TABLE IF EXISTS PRODUK_PERHUTANAN
DROP TABLE IF EXISTS INSTALASI_PENGOLAHAN_AIR
DROP TABLE IF EXISTS PEMBANGKIT_LISTRIK
DROP TABLE IF EXISTS KERJASAMA
DROP TABLE IF EXISTS PERUSAHAAN
DROP TABLE IF EXISTS IZIN_USAHA
DROP TABLE IF EXISTS SITUS_AIR
DROP TABLE IF EXISTS TAMBANG
DROP TABLE IF EXISTS RIG_PENGEBORAN
DROP TABLE IF EXISTS MINYAK_MENTAH
DROP TABLE IF EXISTS KEBUN
DROP TABLE IF EXISTS HUTAN
DROP TABLE IF EXISTS SITUS_SDA
DROP TABLE IF EXISTS KOTA
GO

-- !SECTION Done || Drop tables with IF EXISTS checking

-- SECTION Define relational tables
CREATE TABLE KOTA (
    KdKota INT IDENTITY(1,1) PRIMARY KEY,
    Nama VARCHAR(50) NOT NULL,
    Provinsi VARCHAR(50) NOT NULL
)

CREATE TABLE SITUS_SDA (
    KdSitus INT IDENTITY(1,1) PRIMARY KEY,
    NamaSitus VARCHAR(50) NOT NULL,
    KlasifikasiSDA VARCHAR(10) NOT NULL,
    KoordinatLong FLOAT NOT NULL,
    KoordinatLat FLOAT NOT NULL,
    KdKota INT NOT NULL,
    CONSTRAINT FK_KdKotSITUSSDA FOREIGN KEY (KdKota)
        REFERENCES KOTA (KdKota) ON DELETE NO ACTION ON UPDATE NO ACTION
)

CREATE TABLE HUTAN (
    KdSitusHutan INT PRIMARY KEY,
    JenisHutan VARCHAR(50) NOT NULL,
    CONSTRAINT FK_DisjointHUTAN FOREIGN KEY (KdSitusHutan)
        REFERENCES SITUS_SDA (KdSitus) ON DELETE NO ACTION ON UPDATE NO ACTION
)

CREATE TABLE KEBUN (
    KdSitusKebun INT PRIMARY KEY,
    JenisHasil VARCHAR(50) NOT NULL,
    CONSTRAINT FK_DisjointKEBUN FOREIGN KEY (KdSitusKebun)
        REFERENCES SITUS_SDA (KdSitus) ON DELETE NO ACTION ON UPDATE NO ACTION
)

CREATE TABLE MINYAK_MENTAH (
    KdProdMinyak INT IDENTITY(1,1) PRIMARY KEY,
    NamaMinyak VARCHAR(50) NOT NULL,
    APIGravity FLOAT NOT NULL,
    PersenBelerang FLOAT NOT NULL
)

CREATE TABLE RIG_PENGEBORAN (
    KdSitusPengeboran INT PRIMARY KEY,
    KlasifikasiLokasi VARCHAR(6) NOT NULL,
    KdProdMinyak INT NOT NULL,
    CONSTRAINT FK_DisjointRIGPENGEBORAN FOREIGN KEY (KdSitusPengeboran)
        REFERENCES SITUS_SDA (KdSitus) ON DELETE NO ACTION ON UPDATE NO ACTION,
    CONSTRAINT FK_KdProdMinyakMINYAKMENTAH FOREIGN KEY (KdProdMinyak)
        REFERENCES MINYAK_MENTAH (KdProdMinyak) ON DELETE NO ACTION ON UPDATE NO ACTION
)

CREATE TABLE TAMBANG (
    KdSitusTambang INT PRIMARY KEY,
    KlasifikasiLokasi VARCHAR(50) NOT NULL,
    CONSTRAINT FK_DisjointTAMBANG FOREIGN KEY (KdSitusTambang)
        REFERENCES SITUS_SDA (KdSitus) ON DELETE NO ACTION ON UPDATE NO ACTION
)

CREATE TABLE SITUS_AIR (
    KdSitusAir INT PRIMARY KEY,
    JenisSitus VARCHAR(50) NOT NULL,
    TingkatKeasaman FLOAT NOT NULL,
    OksigenTerlarut FLOAT NOT NULL,
    Salinitas FLOAT NOT NULL,
    Alkalinitas FLOAT NOT NULL,
    CONSTRAINT FK_DisjointSITUSAIR FOREIGN KEY (KdSitusAir)
        REFERENCES SITUS_SDA (KdSitus) ON DELETE NO ACTION ON UPDATE NO ACTION
)

CREATE TABLE IZIN_USAHA (
    KdIzin INT IDENTITY(1,1) PRIMARY KEY,
    NamaIzin VARCHAR(50) NOT NULL,
    JenisIzin VARCHAR(50) NOT NULL
)

CREATE TABLE PERUSAHAAN (
    KdPerusahaan INT IDENTITY(1,1) PRIMARY KEY,
    Nama VARCHAR(50) NOT NULL,
    Pemilik VARCHAR(50) NOT NULL,
    Website VARCHAR(50) NOT NULL,
    Email VARCHAR(50) NOT NULL,
    KotaKantorPusat VARCHAR(50) NOT NULL
)

CREATE TABLE KERJASAMA (
    KdKS INT IDENTITY(1,1) PRIMARY KEY,
    JenisKerjaSama VARCHAR(50) NOT NULL
)

CREATE TABLE PEMBANGKIT_LISTRIK (
    KdInstalasi INT IDENTITY(1,1) PRIMARY KEY,
    NamaInstalasi VARCHAR(50) NOT NULL,
    KapasitasProd INT NOT NULL,
    KdSitusAir INT NOT NULL,
    KdPerusahaan INT NOT NULL,
    CONSTRAINT FK_KdSitusAirPEMBANGKITLISTRIK FOREIGN KEY (KdSitusAir)
        REFERENCES SITUS_AIR (KdSitusAir) ON DELETE NO ACTION ON UPDATE NO ACTION,
    CONSTRAINT FK_KdPerusahaanPEMBANGKITLISTRIK FOREIGN KEY (KdPerusahaan)
        REFERENCES PERUSAHAAN (KdPerusahaan) ON DELETE NO ACTION ON UPDATE NO ACTION
)

CREATE TABLE INSTALASI_PENGOLAHAN_AIR (
    KdInstalasi INT IDENTITY(1,1) PRIMARY KEY,
    NamaInstalasi VARCHAR(50) NOT NULL,
    KdSitusAir INT NOT NULL,
    KdPerusahaan INT NOT NULL,
    CONSTRAINT FK_KdSitusAirINSTALASIPENGOLAHANAIR FOREIGN KEY (KdSitusAir)
        REFERENCES SITUS_AIR (KdSitusAir) ON DELETE NO ACTION ON UPDATE NO ACTION,
    CONSTRAINT FK_KdPerusahaanINSTALASIPENGOLAHANAIR FOREIGN KEY (KdPerusahaan)
        REFERENCES PERUSAHAAN (KdPerusahaan) ON DELETE NO ACTION ON UPDATE NO ACTION
)

CREATE TABLE PRODUK_PERHUTANAN (
    KdProdHutan INT IDENTITY(1,1) PRIMARY KEY,
    NamaProduk VARCHAR(50) NOT NULL,
    NamaIlmiah VARCHAR(50),
    JenisPerhutanan VARCHAR(8) NOT NULL,
)

CREATE TABLE PRODUK_PERKEBUNAN (
    KdProdKebun INT IDENTITY(1,1) PRIMARY KEY,
    NamaProduk VARCHAR(50) NOT NULL,
    NamaIlmiah VARCHAR(50)
)

CREATE TABLE PRODUK_TAMBANG (
    KdProdTambang INT IDENTITY(1,1) PRIMARY KEY,
    NamaProduk VARCHAR(50) NOT NULL,
    JenisTambang VARCHAR(50) NOT NULL
)

CREATE TABLE UNSUR (
    KdUnsur INT IDENTITY(1,1) PRIMARY KEY,
    NamaUnsur VARCHAR(50) NOT NULL
)

CREATE TABLE dimanfaatkan_oleh (
    KdSitus INT NOT NULL,
    KdPerusahaan INT NOT NULL,
    CONSTRAINT FK_KdSitusDIMANFAATKANOLEH FOREIGN KEY (KdSitus)
        REFERENCES SITUS_SDA (KdSitus) ON DELETE NO ACTION ON UPDATE NO ACTION,
    CONSTRAINT FK_KdPerusahaanDIMANFAATKANOLEH FOREIGN KEY (KdPerusahaan)
        REFERENCES PERUSAHAAN (KdPerusahaan) ON DELETE NO ACTION ON UPDATE NO ACTION,
)

CREATE TABLE dimiliki_oleh (
    KdPerusahaan INT NOT NULL,
    KdIzin INT NOT NULL,
    PRIMARY KEY(KdPerusahaan, KdIzin),
    NoIzin VARCHAR(30) NOT NULL,
    MasaBerlakuHari INT NOT NULL,
    TanggalDiperoleh DATE NOT NULL,
    CONSTRAINT FK_KdPerusahaanDIMILIKIOLEH FOREIGN KEY (KdPerusahaan)
        REFERENCES PERUSAHAAN (KdPerusahaan) ON DELETE NO ACTION ON UPDATE NO ACTION,
    CONSTRAINT FK_KdIzinDIMILIKIOLEH FOREIGN KEY (KdIzin)
        REFERENCES IZIN_USAHA (KdIzin) ON DELETE NO ACTION ON UPDATE NO ACTION,
)

CREATE TABLE menjalin (
    KdPerusahaan INT NOT NULL,
    KdKS INT NOT NULL,
    StatusKeanggotaan VARCHAR(20) NOT NULL,
    CONSTRAINT FK_KdPerusahaanMENJALIN FOREIGN KEY (KdPerusahaan)
        REFERENCES PERUSAHAAN (KdPerusahaan) ON DELETE NO ACTION ON UPDATE NO ACTION,
    CONSTRAINT FK_KdKSMENJALIN FOREIGN KEY (KdKS)
        REFERENCES KERJASAMA (KdKS) ON DELETE NO ACTION ON UPDATE NO ACTION,
)

CREATE TABLE menghasilkan_produk_hutan (
    KdSitusHutan INT NOT NULL, 
    KdProdHutan INT NOT NULL,
    CONSTRAINT FK_KdSitusHutanMENGHASILKANHUTAN FOREIGN KEY (KdSitusHutan)
        REFERENCES HUTAN (KdSitusHutan) ON DELETE NO ACTION ON UPDATE NO ACTION,
    CONSTRAINT FK_KdProdHutanMENGHASILKANHUTAN FOREIGN KEY (KdProdHutan)
        REFERENCES PRODUK_PERHUTANAN (KdProdHutan) ON DELETE NO ACTION ON UPDATE NO ACTION,
)

CREATE TABLE menghasilkan_produk_kebun (
    KdSitusKebun INT NOT NULL, 
    KdProdKebun INT NOT NULL,
    CONSTRAINT FK_KdSitusKebunMENGHASILKANKEBUN FOREIGN KEY (KdSitusKebun)
        REFERENCES KEBUN (KdSitusKebun) ON DELETE NO ACTION ON UPDATE NO ACTION,
    CONSTRAINT FK_KdProdKebunMENGHASILKANKEBUN FOREIGN KEY (KdProdKebun)
        REFERENCES PRODUK_PERKEBUNAN (KdProdKebun) ON DELETE NO ACTION ON UPDATE NO ACTION,
)

CREATE TABLE menghasilkan_produk_tambang  (
    KdSitusTambang INT NOT NULL,
    KdProdTambang INT NOT NULL,
    CONSTRAINT FK_KdSitusTambangMENGHASILKANKEBUN FOREIGN KEY (KdSitusTambang)
        REFERENCES TAMBANG (KdSitusTambang) ON DELETE NO ACTION ON UPDATE NO ACTION,
    CONSTRAINT FK_KdProdTambangMENGHASILKANKEBUN FOREIGN KEY (KdProdTambang)
        REFERENCES PRODUK_TAMBANG (KdProdTambang) ON DELETE NO ACTION ON UPDATE NO ACTION,
)

CREATE TABLE mengandung (
    KdProdTambang INT NOT NULL,
    KdUnsur INT NOT NULL,
    Persentase FLOAT NOT NULL,
    CONSTRAINT FK_KdProdTambangMENGANDUNG FOREIGN KEY (KdProdTambang)
        REFERENCES PRODUK_TAMBANG (KdProdTambang) ON DELETE NO ACTION ON UPDATE NO ACTION,
    CONSTRAINT FK_KdUnsurMENGANDUNG FOREIGN KEY (KdUnsur)
        REFERENCES UNSUR (KdUnsur) ON DELETE NO ACTION ON UPDATE NO ACTION,
)

GO
-- !SECTION Done || Define relational tables

-- SECTION Insert data

INSERT INTO 
    KOTA (Nama, Provinsi)
VALUES
    ('Banda Aceh', 'Aceh'),
    ('Langsa', 'Aceh'),
    ('Lhokseumawe', 'Aceh'),
    ('Sabang', 'Aceh'),
    ('Subulussalam', 'Aceh'),
    ('Pangkalpinang', 'Bangka Belitung'),
    ('Bengkulu', 'Bengkulu'),
    ('Sungai Penuh', 'Jambi'),
    ('Jambi', 'Jambi'),
    ('Batam', 'Kepulauan Riau'),
    ('Tanjungpinang', 'Kepulauan Riau'),
    ('Bandar Lampung', 'Lampung'),
    ('Metro', 'Lampung'),
    ('Dumai', 'Riau'),
    ('Pekanbaru', 'Riau'),
    ('Bukittinggi', 'Sumatra Barat'),
    ('Padang', 'Sumatra Barat'),
    ('Padang Panjang', 'Sumatra Barat'),
    ('Pariaman', 'Sumatra Barat'),
    ('Payakumbuh', 'Sumatra Barat'),
    ('Sawahlunto', 'Sumatra Barat'),
    ('Solok', 'Sumatra Barat'),
    ('Lubuklinggau', 'Sumatra Selatan'),
    ('Pagar Alam', 'Sumatra Selatan'),
    ('Palembang', 'Sumatra Selatan'),
    ('Prabumulih', 'Sumatra Selatan'),
    ('Sekayu', 'Sumatra Selatan'),
    ('Gunungsitoli', 'Sumatra Utara'),
    ('Medan', 'Sumatra Utara'),
    ('Padang Sidempuan', 'Sumatra Utara'),
    ('Pematangsiantar', 'Sumatra Utara'),
    ('Sibolga', 'Sumatra Utara'),
    ('Tanjungbalai', 'Sumatra Utara'),
    ('Tebing Tinggi', 'Sumatra Utara'),
    ('Gorontalo', 'Gorontalo'),
    ('Makassar', 'Sulawesi Selatan'),
    ('Palopo', 'Sulawesi Selatan'),
    ('Parepare', 'Sulawesi Selatan'),
    ('Palu', 'Sulawesi Tengah'),
    ('Baubau', 'Sulawesi Tenggara'),
    ('Kendari', 'Sulawesi Tenggara'),
    ('Bitung', 'Sulawesi Utara'),
    ('Kotamobagu', 'Sulawesi Utara'),
    ('Manado', 'Sulawesi Utara'),
    ('Tomohon', 'Sulawesi Utara'),
    ('Ternate', 'Maluku Utara'),
    ('Tidore Kepulauan', 'Maluku Utara'),
    ('Ambon', 'Maluku'),
    ('Tual', 'Maluku'),
    ('Sorong', 'Papua Barat'),
    ('Jayapura', 'Papua'),
    ('Pontianak', 'Kalimantan Barat'),
    ('Singkawang', 'Kalimantan Barat'),
    ('Banjarbaru', 'Kalimantan Selatan'),
    ('Banjarmasin', 'Kalimantan Selatan'),
    ('Palangkaraya', 'Kalimantan Tengah'),
    ('Balikpapan', 'Kalimantan Timur'),
    ('Bontang', 'Kalimantan Timur'),
    ('Samarinda', 'Kalimantan Timur'),
    ('Tarakan', 'Kalimantan Utara'),
    ('Cilegon', 'Banten'),
    ('Serang', 'Banten'),
    ('Tangerang Selatan', 'Banten'),
    ('Tangerang', 'Banten'),
    ('Yogyakarta', 'Daerah Istimewa Yogyakarta'),
    ('Kota Administrasi Jakarta Barat', 'Jakarta'),
    ('Kota Administrasi Jakarta Pusat', 'Jakarta'),
    ('Kota Administrasi Jakarta Selatan', 'Jakarta'),
    ('Kota Administrasi Jakarta Timur', 'Jakarta'),
    ('Kota Administrasi Jakarta Utara', 'Jakarta'),
    ('Bandung', 'Jawa Barat'),
    ('Bekasi', 'Jawa Barat'),
    ('Bogor', 'Jawa Barat'),
    ('Cimahi', 'Jawa Barat'),
    ('Cirebon', 'Jawa Barat'),
    ('Depok', 'Jawa Barat'),
    ('Sukabumi', 'Jawa Barat'),
    ('Tasikmalaya', 'Jawa Barat'),
    ('Banjar', 'Jawa Barat'),
    ('Magelang', 'Jawa Tengah'),
    ('Pekalongan', 'Jawa Tengah'),
    ('Salatiga', 'Jawa Tengah'),
    ('Semarang', 'Jawa Tengah'),
    ('Surakarta', 'Jawa Tengah'),
    ('Tegal', 'Jawa Tengah'),
    ('Batu', 'Jawa Timur'),
    ('Blitar', 'Jawa Timur'),
    ('Kediri', 'Jawa Timur'),
    ('Madiun', 'Jawa Timur'),
    ('Malang', 'Jawa Timur'),
    ('Mojokerto', 'Jawa Timur'),
    ('Pasuruan', 'Jawa Timur'),
    ('Probolinggo', 'Jawa Timur'),
    ('Surabaya', 'Jawa Timur'),
    ('Denpasar', 'Bali'),
    ('Bima', 'Nusa Tenggara Barat'),
    ('Mataram', 'Nusa Tenggara Barat'),
    ('Kupang', 'Nusa Tenggara Timur');

INSERT INTO 
    SITUS_SDA (
        NamaSitus, KlasifikasiSDA,
        KoordinatLong, KoordinatLat, KdKota
    )
VALUES
    ('Bendungan Aeleba', 'Hayati', 8.5649, 122.046, 98),
    ('Bendungan Agung', 'Hayati', 6.844, 108.6388, 77),
    ('Bendungan Aiputik', 'Hayati', 8.4515, 117.2275, 97),
    ('Bendungan Aji', 'Hayati', 8.5296, 117.4132, 96),
    ('Bendungan Ambit', 'Hayati', 6.9256, 108.6779, 75),
    ('Bendungan Baduk', 'Hayati', 7.656, 111.97, 91),
    ('Bendungan Bedegolan', 'Hayati', 7.67583, 109.77611, 82),
    ('Bendungan Bekacak', 'Hayati', 7.6204, 112.7704, 87),
    ('Bendungan Bendokaton', 'Hayati', 6.5372, 110.994, 81),
    ('Bendungan Bening', 'Hayati', 7.5462, 111.7976, 93),
    ('Bendungan Blimbing', 'Hayati', 7.1217, 110.2684, 83),
    ('Bendungan Buinrare', 'Hayati', 8.7687, 117.8621, 96),
    ('Bendungan Burajeh', 'Hayati', 7.0355, 113.1137, 89),
    ('Bendungan Cariang', 'Hayati', 6.71139, 108.08861, 73),
    ('Bendungan Cibacang', 'Hayati', 6.868, 108.5059, 71),
    ('Bendungan Cileungsi', 'Hayati', 6.86472, 106.8825, 74),
    ('Bendungan Cipancuh', 'Hayati', 6.49556, 107.94083, 78),
    ('Bendungan Dawuhan', 'Hayati', 7.595, 111.6288, 93),
    ('Bendungan Dlingsing', 'Hayati', 7.1003, 110.2892, 85),
    ('Bendungan Dukuhjati', 'Hayati', 7.0063, 109.1856, 85),
    ('Bendungan Dumpil', 'Hayati', 7.0762, 111.1978, 84),
    ('Bendungan Gapit', 'Hayati', 8.7944, 117.934, 97),
    ('Bendungan Gebong', 'Hayati', 8.6088, 116.2048, 97),
    ('Bendungan Gede', 'Hayati', 7.6122, 112.4968, 91),
    ('Bendungan Ijura', 'Hayati', 8.5656, 122.032, 98),
    ('Bendungan Ilegetang', 'Hayati', 8.6378, 122.2203, 98),
    ('Bendungan Jangkok', 'Hayati', 8.5344, 116.2349, 97),
    ('Bendungan Kaligending', 'Hayati', 7.58167, 109.67583, 80),
    ('Bendungan Kalimantong', 'Hayati', 8.78422, 116.90138, 97),
    ('Bendungan Kalimeneng', 'Hayati', 7.66194, 109.89611, 85),
    ('Bendungan Kaliwadas', 'Hayati', 7.0266, 109.4849, 84),
    ('Bendungan Kamun', 'Hayati', 6.77972, 108.16778, 76),
    ('Bendungan Karanganyar', 'Hayati', 7.106, 109.2995, 83),
    ('Bendungan Kedungbelik', 'Hayati', 7.1191, 109.3294, 84),
    ('Bendungan Kedungsamak', 'Hayati', 7.63278, 109.65361, 83),
    ('Bendungan Keplang', 'Hayati', 6.8836, 108.7114, 79),
    ('Bendungan Kertawinangun', 'Hayati', 6.8665, 108.6203, 77),
    ('Bendungan Keruju', 'Hayati', 8.7581, 117.9923, 97),
    ('Bendungan Kesaming', 'Hayati', 8.7572, 117.9971, 96),
    ('Bendungan Ketos', 'Hayati', 6.8716, 108.6086, 76),
    ('Bendungan Klesem', 'Hayati', 7.0976, 110.2883, 84),
    ('Bendungan Klobur', 'Hayati', 7.0418, 113.0193, 86),
    ('Bendungan Koangbatu', 'Hayati', 8.7207, 122.13, 98),
    ('Bendungan Mahardo', 'Hayati', 8.2458, 112.5917, 94),
    ('Bendungan Mama', 'Hayati', 8.6804, 117.5755, 97),
    ('Bendungan Medani', 'Hayati', 6.5396, 110.9177, 80),
    ('Bendungan Mejagong', 'Hayati', 7.1048, 109.2888, 84),
    ('Bendungan Mengkoang', 'Hayati', 8.6255, 117.6365, 96),
    ('Bendungan Moyo', 'Hayati', 8.5236, 117.4915, 97),
    ('Bendungan Nambo', 'Hayati', 7.103, 109.3689, 82),
    ('Bendungan Nangagete', 'Hayati', 8.4808, 122.584, 98),
    ('Bendungan Nanjiladang', 'Hayati', 7.0403, 109.3619, 85),
    ('Bendungan Ngeseng', 'Hayati', 7.996, 112.3112, 88),
    ('Bendungan Notopuro', 'Hayati', 7.4845, 111.6926, 94),
    ('Bendungan Pacal', 'Hayati', 7.3625, 111.8708, 93),
    ('Bendungan Palayangan', 'Hayati', 6.4096, 106.232, 61),
    ('Bendungan Pamarayan Baru', 'Hayati', 6.2594, 106.281, 62),
    ('Bendungan Pamarayan Lama', 'Hayati', 6.2596, 106.2853, 61),
    ('Bendungan Parangjoho', 'Hayati', 7.95167, 110.81611, 85),
    ('Bendungan Pejengkolan', 'Hayati', 7.65917, 109.77139, 80),
    ('Bendungan Pekatingan', 'Hayati', 7.71556, 109.85778, 81),
    ('Bendungan Penyaung', 'Hayati', 8.6566, 117.4285, 96),
    ('Bendungan Pilang', 'Hayati', 7.1036, 110.2801, 81),
    ('Bendungan Plampang', 'Hayati', 8.7978, 117.782, 96),
    ('Bendungan Pungka', 'Hayati', 8.5238, 117.4195, 97),
    ('Bendungan Pungkit', 'Hayati', 8.654, 117.5295, 97),
    ('Bendungan Rababoda', 'Hayati', 8.478, 118.7599, 97),
    ('Bendungan Rahalayu', 'Hayati', 8.5231, 118.4875, 97),
    ('Bendungan Rebug', 'Hayati', 7.66361, 109.92722, 81),
    ('Bendungan Rejo', 'Hayati', 7.6693, 111.876, 91),
    ('Bendungan Rentang', 'Hayati', 6.66306, 108.22556, 79),
    ('Bendungan Sahe', 'Hayati', 8.7897, 117.9857, 96),
    ('Bendungan Salamdarma', 'Hayati', 6.42, 107.89417, 77),
    ('Bendungan Samawung', 'Hayati', 7.73722, 109.90611, 83),
    ('Bendungan Sampean', 'Hayati', 7.8261, 113.9375, 94),
    ('Bendungan Saradan', 'Hayati', 7.5523, 111.7485, 92),
    ('Bendungan Sarisakolo', 'Hayati', 8.5131, 118.4587, 97),
    ('Bendungan Sawangan', 'Hayati', 7.63472, 109.965, 80),
    ('Bendungan Sedong', 'Hayati', 6.8778, 108.583, 75),
    ('Bendungan Sepakat', 'Hayati', 8.8039, 117.7768, 97),
    ('Bendungan Serut', 'Hayati', 8.1501, 112.1906, 90),
    ('Bendungan Singamerta', 'Hayati', 7.39028, 109.74528, 83),
    ('Bendungan Sionjur', 'Hayati', 7.0437, 113.0492, 89),
    ('Bendungan Solopalai', 'Hayati', 7.18151, 111.80964, 86),
    ('Bendungan Tarusan', 'Hayati', 8.4427, 117.1682, 97),
    ('Bendungan Terusa', 'Hayati', 8.4898, 117.0423, 97),
    ('Bendungan Tiukulit', 'Hayati', 8.688, 117.6785, 97),
    ('Bendungan Tiuwui', 'Hayati', 8.8047, 117.9632, 97),
    ('Bendungan Usar', 'Hayati', 8.8089, 117.8176, 96),
    ('Bendungan Waeces', 'Hayati', 8.5994, 120.4699, 98),
    ('Bendungan Waeka', 'Hayati', 8.5522, 120.2681, 98),
    ('Bendungan Waekor', 'Hayati', 8.5481, 120.2635, 98),
    ('Bendungan Waemese', 'Hayati', 8.5605, 119.9398, 98),
    ('Bendungan Waeracang', 'Hayati', 8.5114, 120.2723, 98),
    ('Bendungan Waerentang', 'Hayati', 8.5608, 120.334, 98),
    ('Bendungan Waetaiang', 'Hayati', 8.5123, 120.2697, 98),
    ('Bendungan Watubarut', 'Hayati', 7.57333, 109.52722, 82),
    ('Bendungan Watulintang', 'Hayati', 6.8627, 108.5772, 71),
    ('Bendungan Wilalung', 'Hayati', 6.9265, 110.7853, 81),
    ('Bendungan Wlingi', 'Hayati', 8.1414, 112.248, 90),
    ('Bendungan Zaa', 'Hayati', 8.8776, 121.1124, 98),
    ('Bendungan Barugbug', 'Hayati', 6.39889, 107.52861, 71),
    ('Bendungan Bolangaso', 'Hayati', 0.406, 123.9773, 45),
    ('Bendungan Buko', 'Hayati', 0.8697, 123.1668, 35),
    ('Bendungan Ciawitemen', 'Hayati', 6.47861, 107.26444, 77),
    ('Bendungan Cijoro', 'Hayati', 6.37806, 106.25861, 74),
    ('Bendungan Cipero', 'Hayati', 6.9883, 109.3079, 80),
    ('Bendungan Cirata', 'Hayati', 6.70056, 107.36722, 75),
    ('Bendungan Cisarua', 'Hayati', 6.87139, 106.90472, 72),
    ('Bendungan Damarwulan', 'Hayati', 7.7597, 112.2784, 89),
    ('Bendungan Deturia', 'Hayati', 8.7099, 121.74, 98),
    ('Bendungan Gadungan', 'Hayati', 8.4784, 115.0935, 95),
    ('Bendungan Gerak Serayu', 'Hayati', 7.52389, 109.2025, 81),
    ('Bendungan Gondang', 'Hayati', 7.2011, 112.2676, 87),
    ('Bendungan Ir. H. Juanda', 'Hayati', 6.52361, 107.38917, 79),
    ('Bendungan Karangkates', 'Hayati', 8.1604, 112.4467, 88),
    ('Bendungan Karetcibanten', 'Hayati', 6.0425, 106.1619, 62),
    ('Bendungan Karisman', 'Hayati', 6.46083, 107.77889, 74),
    ('Bendungan Kosinggolan', 'Hayati', 0.5219, 123.9439, 45),
    ('Bendungan Krangkengan', 'Hayati', 8.2221, 113.3897, 89),
    ('Bendungan Ladongi', 'Hayati', 4.1485, 121.8917, 41),
    ('Bendungan Lahikaninu', 'Hayati', 9.68097, 119.46683, 98),
    ('Bendungan Laor', 'Hayati', 8.1467, 112.4513, 93),
    ('Bendungan Lekopancing', 'Hayati', 5.1279, 119.6375, 36),
    ('Bendungan Leuwinangka', 'Hayati', 6.56444, 107.72972, 75),
    ('Bendungan Mamak', 'Hayati', 8.6914, 117.577, 96),
    ('Bendungan Mautenda Dua', 'Hayati', 8.6432, 121.6955, 98),
    ('Bendungan Mautenda Empat', 'Hayati', 8.57562, 121.73895, 98),
    ('Bendungan Meliling', 'Hayati', 8.4737, 115.1056, 95),
    ('Bendungan Nglambangan', 'Hayati', 7.2966, 111.7268, 86),
    ('Bendungan Palasari', 'Hayati', 8.2531, 114.5492, 95),
    ('Bendungan Pengga', 'Hayati', 8.756, 116.1893, 96),
    ('Bendungan Pesayangan', 'Hayati', 6.9201, 109.1384, 85),
    ('Bendungan Saguling', 'Hayati', 6.9125, 107.36639, 77),
    ('Bendungan Selorejo', 'Hayati', 7.8718, 112.3554, 91),
    ('Bendungan Sempor', 'Hayati', 7.56667, 109.48556, 80),
    ('Bendungan Siman', 'Hayati', 7.8643, 112.3213, 92),
    ('Bendungan Soka', 'Hayati', 8.4868, 115.0255, 95),
    ('Bendungan Srinjing', 'Hayati', 7.8648, 112.2623, 88),
    ('Bendungan Tegallinggah', 'Hayati', 8.4436, 115.1163, 95),
    ('Bendungan Toraut', 'Hayati', 0.5682, 123.9089, 45),
    ('Bendungan Wadaslintang', 'Hayati', 7.60806, 109.78111, 82),
    ('Beundung Cibeureum', 'Hayati', 6.81194, 107.96889, 77),
    ('Beundung Sentigi', 'Hayati', 6.84333, 107.94583, 79),
    ('Cekdam Babadan', 'Hayati', 7.80861, 111.32861, 90),
    ('Cekdam Baderan', 'Hayati', 7.84194, 111.12806, 80),
    ('Cekdam Bawang', 'Hayati', 7.31083, 111.0325, 83),
    ('Cekdam Bepeng', 'Hayati', 7.80167, 111.31028, 93),
    ('Cekdam Beran', 'Hayati', 7.34917, 110.78833, 83),
    ('Cekdam Bombo', 'Hayati', 8.5408, 118.7676, 97),
    ('Cekdam Bonce', 'Hayati', 8.2453, 112.4007, 86),
    ('Cekdam Cabe', 'Hayati', 7.33556, 110.82278, 85),
    ('Cekdam Celangap Dua', 'Hayati', 7.8785, 112.2735, 89),
    ('Cekdam Celangap Satu', 'Hayati', 7.8856, 112.2814, 89),
    ('Cekdam Celangkap Tiga', 'Hayati', 7.8702, 112.2649, 89),
    ('Cekdam Cibayat', 'Hayati', 6.50361, 107.28389, 77),
    ('Cekdam Cicamas', 'Hayati', 6.99944, 108.30944, 74),
    ('Cekdam Cigadog', 'Hayati', 6.66333, 107.72833, 73),
    ('Cekdam Cikadu', 'Hayati', 6.92889, 107.08778, 77),
    ('Cekdam Ciledug', 'Hayati', 6.96833, 107.01417, 74),
    ('Cekdam Cinangka', 'Hayati', 6.6375, 107.66722, 75),
    ('Cekdam Dadiniu', 'Hayati', 8.5116, 118.8108, 97),
    ('Cekdam Dagan', 'Hayati', 7.275, 109.35333, 84),
    ('Cekdam Darenceleng', 'Hayati', 6.9895, 111.1272, 81),
    ('Cekdam Dorosia', 'Hayati', 8.5077, 118.4541, 96),
    ('Cekdam Ganden', 'Hayati', 6.9394, 111.2019, 83),
    ('Cekdam Gardu', 'Hayati', 7.9731, 113.8073, 86),
    ('Cekdam Gepuk', 'Hayati', 6.7577, 110.8286, 81),
    ('Cekdam Gupokor', 'Hayati', 7.32167, 110.76889, 85),
    ('Cekdam Icir', 'Hayati', 7.9696, 112.3585, 86),
    ('Cekdam Janti', 'Hayati', 7.79778, 111.35778, 92),
    ('Cekdam Jedingmiring', 'Hayati', 7.8944, 112.2866, 88),
    ('Cekdam Jelarang', 'Hayati', 7.47611, 109.94667, 80),
    ('Cekdam Kalikajar', 'Hayati', 7.41528, 109.96667, 85),
    ('Cekdam Kedawung', 'Hayati', 7.29917, 111.01222, 82),
    ('Cekdam Kedunggupit', 'Hayati', 6.7821, 110.8468, 80),
    ('Cekdam Kedungkancil', 'Hayati', 7.36806, 110.80306, 82),
    ('Cekdam Kedungombo', 'Hayati', 6.93059, 109.73661, 82),
    ('Cekdam Klepek', 'Hayati', 7.2569, 111.9282, 90),
    ('Cekdam Korolintang', 'Hayati', 8.3015, 114.1794, 94),
    ('Cekdam Kowo', 'Hayati', 8.5215, 118.9838, 97),
    ('Cekdam Larade', 'Hayati', 8.6158, 118.4943, 97),
    ('Cekdam Leuwitunggak', 'Hayati', 6.72167, 107.72194, 73),
    ('Cekdam Manding', 'Hayati', 7.7756, 113.6785, 86),
    ('Cekdam Mangli', 'Hayati', 7.0637, 109.3394, 83),
    ('Cekdam Mloko', 'Hayati', 7.85833, 111.16667, 81),
    ('Cekdam Neglasari', 'Hayati', 6.3423, 106.3056, 61),
    ('Cekdam Nglasep', 'Hayati', 7.875, 111.13583, 81),
    ('Cekdam Ngrombo', 'Hayati', 7.75472, 111.33194, 91),
    ('Cekdam Nogosromo', 'Hayati', 7.7837, 113.6935, 93),
    ('Cekdam Ntonggu', 'Hayati', 8.5227, 118.7611, 97),
    ('Cekdam Pandan', 'Hayati', 7.80139, 111.35444, 91),
    ('Cekdam Patat', 'Hayati', 6.7225, 107.71917, 75),
    ('Cekdam Patu', 'Hayati', 8.6158, 118.9999, 97),
    ('Cekdam Pencil', 'Hayati', 7.86028, 111.12722, 82),
    ('Cekdam Pendem', 'Hayati', 7.33028, 110.85, 82),
    ('Cekdam Pengkok', 'Hayati', 7.80806, 111.3175, 88),
    ('Cekdam Rosliyo', 'Hayati', 6.7876, 110.8194, 82),
    ('Cekdam Saleko', 'Hayati', 8.5253, 118.4617, 97),
    ('Cekdam Sampung Dua', 'Hayati', 7.79972, 111.37056, 90),
    ('Cekdam Sampung Satu', 'Hayati', 7.79778, 111.36278, 87),
    ('Cekdam Seduda', 'Hayati', 7.34333, 110.22583, 83),
    ('Cekdam Sempu', 'Hayati', 7.08, 109.3571, 82),
    ('Cekdam Semut Dua', 'Hayati', 7.9926, 112.3276, 90),
    ('Cekdam Semut Empat', 'Hayati', 7.9994, 112.3273, 86),
    ('Cekdam Semut Satu', 'Hayati', 7.991, 112.3272, 86),
    ('Cekdam Semut Tiga', 'Hayati', 7.996, 112.3279, 94),
    ('Cekdam Sendang', 'Hayati', 6.9242, 111.1255, 80),
    ('Cekdam Sidodadi', 'Hayati', 8.2031, 112.4026, 86),
    ('Cekdam Slamet', 'Hayati', 7.79667, 111.30167, 93),
    ('Cekdam Srinjing Dua', 'Hayati', 7.8489, 112.2573, 94),
    ('Cekdam Srinjing Satu', 'Hayati', 7.8455, 112.2547, 88),
    ('Cekdam Sumberbedengan', 'Hayati', 8.2433, 112.4372, 87),
    ('Cekdam Sumberbuntung', 'Hayati', 8.246, 112.4571, 90),
    ('Cekdam Talembo', 'Hayati', 8.5809, 118.7571, 97),
    ('Cekdam Tlayu', 'Hayati', 7.79889, 111.30722, 93),
    ('Cekdam Toi', 'Hayati', 8.5092, 118.7945, 97),
    ('Cekdam Tunggalbakti', 'Hayati', 6.9461, 111.2125, 84),
    ('Cekdam Umbulsalak', 'Hayati', 8.279, 114.0148, 89),
    ('Cekdam Umbulsari', 'Hayati', 8.277, 114.0924, 90),
    ('Dam Ancal', 'Hayati', 7.9557, 113.7812, 88),
    ('Dam Awen-awen', 'Hayati', 7.75306, 111.02833, 84),
    ('Dam Bafasari', 'Hayati', 7.26694, 109.34444, 85),
    ('Dam Bahgepuh', 'Hayati', 7.4832, 112.7508, 91),
    ('Dam Bajangan', 'Hayati', 7.7085, 112.8915, 94),
    ('Dam Balaikambang', 'Hayati', 7.83611, 111.04389, 81),
    ('Dam Balong', 'Hayati', 7.95, 111.03417, 83),
    ('Dam Bantongan', 'Hayati', 7.7121, 114.0085, 91),
    ('Dam Beliktelu', 'Hayati', 7.85194, 111.11139, 80),
    ('Dam Bendo', 'Hayati', 7.3869, 111.5438, 87),
    ('Dam Besole', 'Hayati', 7.0228, 110.2978, 85),
    ('Dam Bludu', 'Hayati', 7.81028, 111.09278, 84),
    ('Dam Bolang', 'Hayati', 8.1681, 113.1158, 94),
    ('Dam Brenggalan', 'Hayati', 7.855, 111.09222, 85),
    ('Dam Bulu', 'Hayati', 7.84722, 111.10139, 80),
    ('Dam Candimuncar', 'Hayati', 7.71722, 111.14667, 82),
    ('Dam Cangkring', 'Hayati', 8.2964, 114.2514, 90),
    ('Dam Carian', 'Hayati', 7.86306, 111.11972, 83),
    ('Dam Cijangkelok', 'Hayati', 6.9765, 108.7614, 84),
    ('Dam Cinomati', 'Hayati', 7.77389, 111.03833, 82),
    ('Dam Condong', 'Hayati', 7.81639, 111.02139, 85),
    ('Dam Cumpleng', 'Hayati', 7.82667, 111.03194, 81),
    ('Dam Cuwo', 'Hayati', 7.86278, 111.09333, 82),
    ('Dam Danawarih', 'Hayati', 7.0807, 109.1329, 81),
    ('Dam Dangka', 'Hayati', 7.91972, 111.34361, 93),
    ('Dam Dara', 'Hayati', 8.6372, 118.7599, 96),
    ('Dam Dari', 'Hayati', 7.66139, 110.91556, 83),
    ('Dam Dimoro', 'Hayati', 7.6025, 110.96333, 80),
    ('Dam Dinamo', 'Hayati', 7.7813, 114.2329, 87),
    ('Dam Geneng', 'Hayati', 7.78111, 111.07917, 80),
    ('Dam Grama', 'Hayati', 7.561, 111.6922, 86),
    ('Dam Jambeyan', 'Hayati', 7.83556, 111.09056, 83),
    ('Dam Jangguk', 'Hayati', 7.9857, 113.8587, 92),
    ('Dam Jatinom', 'Hayati', 7.81139, 111.10778, 84),
    ('Dam Jeblok', 'Hayati', 7.81889, 111.12083, 84),
    ('Dam Kacangan', 'Hayati', 7.2766, 111.7256, 89),
    ('Dam Kalibening', 'Hayati', 7.37944, 111.16222, 91),
    ('Dam Kaliboto', 'Hayati', 7.55361, 110.96389, 82),
    ('Dam Kalongan', 'Hayati', 7.58694, 110.94056, 83),
    ('Dam Karet Menturus', 'Hayati', 7.4441, 112.3112, 93),
    ('Dam Kebonbibit', 'Hayati', 7.86361, 111.11333, 82),
    ('Dam Kedunggatot', 'Hayati', 7.51556, 110.98917, 85),
    ('Dam Kedungnunut', 'Hayati', 7.63167, 111.03667, 85),
    ('Dam Kedungwuluh', 'Hayati', 7.88139, 111.00861, 85),
    ('Dam Kepil', 'Hayati', 7.83444, 111.0375, 80),
    ('Dam Kerjo', 'Hayati', 7.84889, 111.02528, 80),
    ('Dam Ketel', 'Hayati', 7.84694, 111.01083, 85),
    ('Dam Klepu', 'Hayati', 7.8675, 111.02417, 81),
    ('Dam Klumpit', 'Hayati', 7.76306, 111.00917, 81),
    ('Dam Kluwung', 'Hayati', 7.83556, 111.11, 81),
    ('Dam Kodok', 'Hayati', 7.82694, 111.08333, 84),
    ('Dam Kopro Banjir', 'Hayati', 6.1111, 106.7972, 68),
    ('Dam Langai', 'Hayati', 7.7352, 114.0043, 90),
    ('Dam Lawoto', 'Hayati', 8.4788, 118.7959, 96),
    ('Dam Lemahgapit', 'Hayati', 8.245, 112.2926, 90),
    ('Dam Leuwjistri', 'Hayati', 6.76139, 107.87611, 71),
    ('Dam Lobo', 'Hayati', 8.1195, 112.5984, 91),
    ('Dam Logung', 'Hayati', 7.82028, 111.02528, 81),
    ('Dam Losari', 'Hayati', 7.38722, 111.15111, 88),
    ('Dam Lumpangbolong', 'Hayati', 7.6087, 112.7956, 88),
    ('Dam Macan', 'Hayati', 7.7704, 114.2317, 92),
    ('Dam Madapangga', 'Hayati', 8.4922, 118.5363, 96),
    ('Dam Maguan', 'Hayati', 7.82944, 111.03944, 80),
    ('Dam Makan', 'Hayati', 7.9577, 113.8295, 88),
    ('Dam Manding', 'Hayati', 7.80417, 111.08417, 85),
    ('Dam Mandiro', 'Hayati', 7.8736, 113.8322, 79),
    ('Dam Manggisan', 'Hayati', 7.80528, 111.09194, 85),
    ('Dam Mengger', 'Hayati', 7.34028, 111.21944, 88),
    ('Dam Mertosari', 'Hayati', 7.67417, 110.89944, 83),
    ('Dam Mlancing', 'Hayati', 7.81861, 111.1025, 84),
    ('Dam Mokemanu', 'Hayati', 8.8521, 121.2816, 98),
    ('Dam Nae', 'Hayati', 8.3408, 118.9171, 97),
    ('Dam Naruan', 'Hayati', 7.83889, 111.04222, 81),
    ('Dam Nayu', 'Hayati', 7.87222, 111.11833, 80),
    ('Dam Nguni', 'Hayati', 8.1075, 111.06389, 92),
    ('Dam Oilembeci', 'Hayati', 8.394, 118.9156, 96),
    ('Dam Oirababusi', 'Hayati', 8.6988, 118.8272, 97),
    ('Dam Orong-orong', 'Hayati', 7.7414, 112.8782, 89),
    ('Dam Padasmalang', 'Hayati', 7.85528, 111.12139, 84),
    ('Dam Pahmileng', 'Hayati', 7.43694, 111.21444, 93),
    ('Dam Palaparado', 'Hayati', 8.6593, 118.6962, 97),
    ('Dam Panggang', 'Hayati', 7.84972, 111.1, 81),
    ('Dam Panggunguni', 'Hayati', 8.2019, 112.004, 91),
    ('Dam Pelacempaka', 'Hayati', 8.7026, 118.6448, 96),
    ('Dam Pembangkit Larona', 'Hayati', 2.7118, 121.309, 36),
    ('Dam Pengendali', 'Hayati', 8.2004, 112.0292, 87),
    ('Dam Pesucen', 'Hayati', 7.68444, 109.6925, 84),
    ('Dam Petung', 'Hayati', 7.6787, 112.9171, 88),
    ('Dam Pintu Lima', 'Hayati', 7.7212, 114.0136, 91),
    ('Dam Pleret', 'Hayati', 7.785, 111.03944, 85),
    ('Dam Pleret', 'Hayati', 7.6808, 112.8828, 93),
    ('Dam Ploso', 'Hayati', 7.81722, 111.11528, 83),
    ('Dam Pluit', 'Hayati', 6.1244, 106.8018, 68),
    ('Dam Podang', 'Hayati', 7.66389, 111.00833, 84),
    ('Dam Premben', 'Hayati', 7.83194, 111.01667, 80),
    ('Dam Pringduri', 'Hayati', 7.9028, 113.8113, 88),
    ('Dam Pucung', 'Hayati', 7.94667, 111.10722, 80),
    ('Dam Pule', 'Hayati', 7.80472, 111.10889, 85),
    ('Dam Pule', 'Hayati', 7.3987, 111.5225, 87),
    ('Dam Raba Baka', 'Hayati', 8.5162, 118.4238, 96),
    ('Dam Ringinrejo Barat', 'Hayati', 8.2221, 112.0758, 91),
    ('Dam Ringinrejo Timur', 'Hayati', 8.2193, 112.0817, 86),
    ('Dam Roiroka', 'Hayati', 8.58184, 118.72026, 97),
    ('Dam Sadang', 'Hayati', 7.75667, 111.04833, 82),
    ('Dam Salam', 'Hayati', 7.75833, 111.02694, 80),
    ('Dam Sambi', 'Hayati', 7.80972, 111.09583, 84),
    ('Dam Sambi', 'Hayati', 8.01722, 111.08028, 81),
    ('Dam Sarpudin', 'Hayati', 7.7233, 114.0689, 86),
    ('Dam Segawe', 'Hayati', 7.9968, 111.8202, 88),
    ('Dam Setupatok', 'Hayati', 6.7817, 108.5705, 79),
    ('Dam Sidamas', 'Hayati', 6.6991, 108.5033, 77),
    ('Dam Sidodadi', 'Hayati', 7.34167, 111.14444, 86),
    ('Dam Sidomakmur', 'Hayati', 7.73083, 110.95028, 81),
    ('Dam Sireng', 'Hayati', 7.84722, 111.04778, 84),
    ('Dam Soko', 'Hayati', 8.00528, 111.07417, 82),
    ('Dam Sorinae', 'Hayati', 8.6827, 118.7952, 97),
    ('Dam Sumberejo', 'Hayati', 8.1893, 112.1146, 88),
    ('Dam Sumbergayam', 'Hayati', 7.7315, 113.104, 92),
    ('Dam Suruh', 'Hayati', 7.7975, 111.095, 83),
    ('Dam Tare', 'Hayati', 7.81778, 111.02917, 85),
    ('Dam Tawang', 'Hayati', 7.56111, 109.725, 81),
    ('Dam Tebon Dua', 'Hayati', 7.83972, 111.02028, 83),
    ('Dam Tebon Satu', 'Hayati', 7.84917, 111.01722, 80),
    ('Dam Tikung', 'Hayati', 7.0047, 110.3226, 85),
    ('Dam Toyo', 'Hayati', 7.97306, 111.02056, 81),
    ('Dam Tumbu', 'Hayati', 7.85861, 111.12028, 81),
    ('Dam Umbul', 'Hayati', 7.85056, 111.09583, 83),
    ('Dam Umbul Bondoyudo', 'Hayati', 8.0948, 113.2617, 90),
    ('Dam Wadunae', 'Hayati', 8.6337, 118.7758, 97),
    ('Dam Watang', 'Hayati', 7.2831, 111.6224, 91),
    ('Dam Wates', 'Hayati', 7.6098, 111.6916, 92),
    ('Dam Watugajah', 'Hayati', 7.80194, 111.11111, 84),
    ('Dam Watutarung', 'Hayati', 7.59694, 109.63444, 80),
    ('Dam Winong', 'Hayati', 7.7325, 110.9825, 85),
    ('Dam Wirung', 'Hayati', 7.83611, 111.09889, 84),
    ('Danau Ngarasa', 'Hayati', 7.02927, 112.95548, 93),
    ('Danau Tenokok', 'Hayati', 7.03264, 112.97965, 86),
    ('Embung Aiqbukaq', 'Hayati', 8.5768, 116.3424, 96),
    ('Embung Apitoye', 'Hayati', 8.6966, 116.521, 96),
    ('Embung Bage', 'Hayati', 8.6696, 116.3278, 97),
    ('Embung Bagektungke', 'Hayati', 8.7204, 116.4782, 96),
    ('Embung Batubokah', 'Hayati', 8.8508, 116.2082, 96),
    ('Embung Belik', 'Hayati', 8.6892, 116.5151, 97),
    ('Embung Bengak', 'Hayati', 8.6997, 116.4355, 97),
    ('Embung Boboh', 'Hayati', 8.646, 116.304, 96),
    ('Embung Bombas', 'Hayati', 8.8256, 116.2407, 97),
    ('Embung Bote', 'Hayati', 8.3348, 118.8977, 97),
    ('Embung Bual', 'Hayati', 8.5606, 116.3767, 97),
    ('Embung Dakung', 'Hayati', 8.7127, 116.339, 96),
    ('Embung Dalam', 'Hayati', 8.7432, 116.4629, 97),
    ('Embung Dao', 'Hayati', 8.5996, 116.3463, 96),
    ('Embung Dasanbaru', 'Hayati', 8.4913, 118.2941, 97),
    ('Embung Dasansari', 'Hayati', 8.6795, 116.3713, 96),
    ('Embung Gerimat', 'Hayati', 8.6924, 116.4127, 97),
    ('Embung Guleliat', 'Hayati', 8.5736, 116.3618, 96),
    ('Embung Gunungpaok', 'Hayati', 8.5495, 116.39, 96),
    ('Embung Gunungsepang', 'Hayati', 8.6741, 116.5196, 96),
    ('Embung Jebak', 'Hayati', 8.6837, 116.402, 96),
    ('Embung Jembe', 'Hayati', 8.7153, 116.4131, 97),
    ('Embung Jengguar', 'Hayati', 8.5716, 116.3192, 97),
    ('Embung Jeropoto', 'Hayati', 8.6965, 116.433, 97),
    ('Embung Jongkor', 'Hayati', 8.7311, 116.4042, 97),
    ('Embung Juring', 'Hayati', 8.7021, 116.3713, 97),
    ('Embung Kandong', 'Hayati', 8.6721, 116.4008, 97),
    ('Embung Karung', 'Hayati', 8.6398, 116.3758, 96),
    ('Embung Kelampa', 'Hayati', 8.3402, 118.9259, 97),
    ('Embung Kenyalu', 'Hayati', 8.6941, 116.4295, 96),
    ('Embung Keru', 'Hayati', 8.5738, 116.2633, 97),
    ('Embung Kondak', 'Hayati', 8.7131, 116.4884, 96),
    ('Embung Kuang', 'Hayati', 8.6847, 116.3887, 97),
    ('Embung Lendangbatah', 'Hayati', 8.6459, 116.2864, 96),
    ('Embung Linglokoloh', 'Hayati', 8.6854, 116.4522, 96),
    ('Embung Lonce', 'Hayati', 8.6746, 116.4252, 97),
    ('Embung Malang', 'Hayati', 8.6739, 116.3666, 96),
    ('Embung Mari', 'Hayati', 8.5895, 116.3826, 97),
    ('Embung Monjong', 'Hayati', 8.703, 116.406, 96),
    ('Embung Montongsapah', 'Hayati', 8.7959, 116.1429, 97),
    ('Embung Muncan', 'Hayati', 8.6586, 116.3285, 97),
    ('Embung Ncera', 'Hayati', 8.6447, 118.7592, 97),
    ('Embung Nuru', 'Hayati', 8.6857, 116.366, 97),
    ('Embung Pandantinggang', 'Hayati', 8.8264, 116.1437, 97),
    ('Embung Pasekar', 'Hayati', 8.6795, 116.4066, 97),
    ('Embung Penye', 'Hayati', 8.6892, 116.4501, 96),
    ('Embung Petiji', 'Hayati', 8.6059, 116.3796, 96),
    ('Embung Petorok', 'Hayati', 8.6677, 116.3776, 96),
    ('Embung Praigunung', 'Hayati', 8.696, 116.3175, 97),
    ('Embung Raba', 'Hayati', 8.7459, 116.3091, 96),
    ('Embung Rage', 'Hayati', 8.7943, 116.1989, 97),
    ('Embung Raja', 'Hayati', 8.6841, 116.426, 97),
    ('Embung Repok', 'Hayati', 8.7026, 116.4399, 96),
    ('Embung Repokkere', 'Hayati', 8.7331, 116.5292, 96),
    ('Embung Ringkeh', 'Hayati', 8.624, 116.3721, 96),
    ('Embung Roiroka', 'Hayati', 8.58522, 118.72193, 97),
    ('Embung Selante', 'Hayati', 8.8164, 117.7575, 96),
    ('Embung Setambir', 'Hayati', 8.6729, 116.3946, 96),
    ('Embung Suntiang', 'Hayati', 8.6773, 116.3846, 97),
    ('Embung Surabaya', 'Hayati', 8.6786, 116.3287, 97),
    ('Embung Tampih', 'Hayati', 8.7193, 116.5187, 96),
    ('Embung Tanggor', 'Hayati', 8.698, 116.3456, 97),
    ('Embung Tasikasi', 'Hayati', 8.7075, 116.3879, 96),
    ('Embung Toyang', 'Hayati', 8.7108, 116.4802, 97),
    ('Embung Yagok', 'Hayati', 8.6359, 116.3784, 97),
    ('Irigasi Sumber Kakap', 'Hayati', 8.03333, 110.92806, 80),
    ('Irigasi Tambaksari', 'Hayati', 8.06, 110.88694, 81),
    ('Waduk Jatiluhur', 'Hayati', 6.58333, 107.33333, 71),
    ('Kolam Lamajand', 'Hayati', 7.14444, 107.55139, 75),
    ('Kolam Segaran', 'Hayati', 7.558, 112.3829, 87),
    ('Lapen Gatuk', 'Hayati', 7.2509, 111.5922, 87),
    ('Situ Bolang', 'Hayati', 6.85528, 107.50361, 74),
    ('Waduk Bade', 'Hayati', 7.36083, 110.70167, 82),
    ('Waduk Balongganggang', 'Hayati', 7.1326, 112.3158, 91),
    ('Waduk Banaran', 'Hayati', 7.28306, 110.99222, 85),
    ('Waduk Baran', 'Hayati', 7.97361, 110.83361, 84),
    ('Waduk Batujai', 'Hayati', 8.7297, 116.2705, 96),
    ('Waduk Bentolo', 'Hayati', 6.9887, 111.2057, 82),
    ('Waduk Botok', 'Hayati', 7.5275, 111.04389, 84),
    ('Waduk Cacaban', 'Hayati', 7.0081, 109.2046, 81),
    ('Waduk Cengklik', 'Hayati', 7.50639, 110.725, 85),
    ('Waduk Cindelaras', 'Hayati', 7.185, 110.92583, 83),
    ('Waduk Cirata', 'Hayati', 6.73111, 107.29639, 73),
    ('Waduk Donosari', 'Hayati', 7.33889, 110.94639, 85),
    ('Waduk Gambringan', 'Hayati', 7.15, 110.91583, 81),
    ('Waduk Gayam', 'Hayati', 7.2127, 111.85741, 87),
    ('Waduk Glagahrejo', 'Hayati', 7.31472, 110.99528, 83),
    ('Waduk Gondang', 'Hayati', 7.2091, 112.2682, 88),
    ('Waduk Gosek', 'Hayati', 7.28472, 110.97778, 82),
    ('Waduk Jatigrombol', 'Hayati', 7.28889, 110.95361, 84),
    ('Waduk Jatiluhur', 'Hayati', 6.53528, 107.32944, 77),
    ('Waduk Jombor', 'Hayati', 7.75639, 110.62389, 84),
    ('Waduk Jotosanur', 'Hayati', 7.1597, 112.4041, 94),
    ('Waduk Karangkates', 'Hayati', 8.1837, 112.4802, 86),
    ('Waduk Kedungbendo', 'Hayati', 7.385, 111.5452, 92),
    ('Waduk Kedungombo', 'Hayati', 7.27278, 110.82, 81),
    ('Waduk Kedunguling', 'Hayati', 7.94028, 110.84083, 85),
    ('Waduk Krakatausteel', 'Hayati', 6.0143, 106.0293, 62),
    ('Waduk Lalung', 'Hayati', 7.61417, 110.93778, 83),
    ('Waduk Sengguruh', 'Hayati', 8.1871, 112.556, 92),
    ('Waduk Leran Dua', 'Hayati', 7.17464, 111.80982, 89),
    ('Waduk Leran Satu', 'Hayati', 7.17008, 111.80633, 88),
    ('Sungai Brantas', 'Hayati', -7.589408, 112.112638, 89),
    ('Waduk Mojoendok', 'Hayati', 7.33111, 110.87778, 83),
    ('Waduk Mrica', 'Hayati', 7.38556, 109.62111, 80),
    ('Waduk Mulur', 'Hayati', 7.68917, 110.87722, 81),
    ('Waduk Sidorejo', 'Hayati', 7.23222, 110.85306, 82),
    ('Waduk Nglambang', 'Hayati', 7.298, 111.7282, 86),
    ('Waduk Notopuro', 'Hayati', 7.4855, 111.6948, 91),
    ('Waduk Pacal', 'Hayati', 7.3674, 111.869, 87),
    ('Waduk Palasari', 'Hayati', 8.2508, 114.5557, 95),
    ('Sungai Ula', 'Hayati', -1.797816, 121.771782, 39),
    ('Danau Poso', 'Hayati', -1.932563, 120.610697, 39),
    ('Danau Lindu', 'Hayati', -1.318866, 120.083023, 39),
    ('Danau Rano', 'Hayati', -0.046148, 119.70236, 39),
    ('Danau Kemuning', 'Hayati', -5.305226, 105.735141, 13),
    ('Danau Lebar', 'Hayati', -5.252137, 104.274566, 12),
    ('Waduk Riam Kanan', 'Hayati', -3.5324533, 115.054625, 54),
    ('Sungai Langka', 'Hayati', -5.387185, 105.1776, 12),
    ('Waduk Sempor', 'Hayati', 7.55583, 109.48472, 80),
    ('Sungai Rokan', 'Hayati', 1.939103, 100.898926, 14),
    ('Sungai Siak', 'Hayati', 0.80634, 101.974695, 15),
    ('Waduk Gajahmungkur', 'Hayati', 7.90528, 110.89944, 85),
    ('Danau Dendam Tak Sudah', 'Hayati', -3.803416, 102.309305, 7),
    ('Sungai Serut', 'Hayati', -3.781888, 102.284378, 7),
    ('Sungai Batanghari', 'Hayati', -1.4835, 103.48048, 9),
    ('Sungai Sapih', 'Hayati', -0.897581, 100.359323, 22),
    ('Sungai Kamuyang', 'Hayati', -0.267455, 100.676035, 17),
    ('Danau Singkarak', 'Hayati', -0.623668, 100.547088, 17),
    ('Danau Talang', 'Hayati', -1.012766, 100.70272, 18),
    ('Sungai Wampu', 'Hayati', 3.824275, 98.47205, 29),
    ('Sungai Binge', 'Hayati', 3.608354, 98.479582, 31),
    ('Sungai Renun', 'Hayati', 2.730892, 98.388572, 31),
    ('Sungai Batang Gadis', 'Hayati', 1.04138, 98.934895, 30),
    ('Sungai Asahan', 'Hayati', 2.977342, 99.733344, 33),
    ('Sungai Peusangan', 'Hayati', 4.648254, 96.690218, 4),
    ('Sungai Alas', 'Hayati', 2.987357, 97.937711, 2),
    ('Sungai Musi', 'Hayati', -2.9789006, 104.0506153, 24),
    ('Aceh A Block', 'Non Hayati', 5.7232198, 95.6750934, 5),
    ('Northwest Java Sea Block', 'Non Hayati', -3.5524335, 108.4536991, 6),
    ('Jabung Block', 'Non Hayati', -5.4483782, 105.7548697, 11),
    ('Jambi Merang Block', 'Non Hayati', -1.327075, 103.8953754, 88),
    ('Cepu Block', 'Non Hayati', -7.1670775, 111.5344404, 84),
    ('Bawean Block', 'Non Hayati', -5.756089, 112.726813, 86),
    ('Brantas Block', 'Non Hayati', -7.5878858, 112.1158271, 90),
    ('Bulu Block', 'Non Hayati', -7.6321947, 112.11535, 89),
    ('Kangean Block', 'Non Hayati', -6.9531749, 115.3331311, 51),
    ('Ketapang Block', 'Non Hayati', -1.6793058, 109.4632715, 14),
    ('Madura Offshore Block', 'Non Hayati', -7.0569577, 112.8385991, 59),
    ('Madura Strait Block', 'Non Hayati', -6.991708, 112.743259, 36),
    ('Attaka Block', 'Non Hayati', -0.0094596, 117.2185277, 58),
    ('Bangkanai Block', 'Non Hayati', -0.5729605, 115.1019482, 58),
    ('Bengara I Block', 'Non Hayati', 0.899675, 118.025335, 58),
    ('Bontang Block', 'Non Hayati', 0.148773, 117.504103, 59),
    ('East Kalimantan Block', 'Non Hayati', 0.568946, 117.661708, 31),
    ('Ganal Block', 'Non Hayati', -1.578998, 116.549194, 9),
    ('Mahakam Block', 'Non Hayati', -0.03945, 115.751769, 32),
    ('Muara Bakau Block', 'Non Hayati', -0.890183, 117.173542, 36),
    ('Kakap Block', 'Non Hayati', -0.628986, 117.570841, 32),
    ('Natuna Sea Block A', 'Non Hayati', 1.180552, 104.67445, 10),
    ('Northwest Natuna Block', 'Non Hayati', 1.137087, 103.801867, 11),
    ('Bula Block', 'Non Hayati', -3.1096585, 130.4897502, 48),
    ('Masela Block', 'Non Hayati', -8.1577435, 129.8513121, 51),
    ('Berau Block', 'Non Hayati', -4.254191, 137.861813, 51),
    ('Kepala Burung Block', 'Non Hayati', -2.309756, 140.065816, 30),
    ('Muturi Block', 'Non Hayati', -1.723527, 138.402848, 6),
    ('Bentu-Segat Block', 'Non Hayati', 1.685225, 101.884304, 15),
    ('Coastal Plains And Pekanbaru Block', 'Non Hayati', 0.731571, 101.43488, 15),
    ('Korinci Baru Block', 'Non Hayati', 0.080385, 103.810403, 14),
    ('Langgak Block', 'Non Hayati', 2.180224, 100.682785, 29),
    ('Makassar Strait', 'Non Hayati', -5.180284, 119.348212, 49),
    ('Muriah Block', 'Non Hayati', -4.503072, 120.39491, 29),
    ('Lemang Block', 'Non Hayati', -1.56966, 100.549222, 87),
    ('Bangko Block Area I & II', 'Non Hayati', -1.836081, 104.506505, 26),
    ('Belida Block', 'Non Hayati', -3.800205, 104.9211873, 23),
    ('Corridor Block', 'Non Hayati', -3.997838, 105.881202, 58),
    ('Merangin-II Block', 'Non Hayati', -2.231655, 101.926687, 11),
    ('Ogan Komering', 'Non Hayati', -3.803581, 104.496461, 27),
    ('Palmerah Block', 'Non Hayati', -3.750226, 104.655519, 25),
    ('Pandan Block', 'Non Hayati', -4.028185, 104.508328, 27),
    ('Gebang Block', 'Non Hayati', 4.065829, 98.408766, 8),
    ('Karang Agung Block', 'Non Hayati', -2.340781, 104.317265, 86),
    ('Kisaran Block', 'Non Hayati', 3.020682, 99.625103, 32),
    ('Krueng Mane Block', 'Non Hayati', 2.685963, 100.143919, 17),
    ('Lematang', 'Non Hayati', 3.295193, 99.509149, 90),
    ('Malacca Strait Block', 'Non Hayati', 4.207625, 98.255753, 23),
    ('North Sumatra B Block', 'Non Hayati', 2.056995, 98.244, 26),
    ('North Sumatra Offshore Block', 'Non Hayati', 1.772594, 98.553601, 24),
    ('Blangrakal', 'Non Hayati', 4.898845, 96.73196, 2),
    ('Lhok Kuala', 'Non Hayati', 4.835027, 96.146489, 1),
    ('Cot Pange', 'Non Hayati', 4.845185, 95.59545, 4),
    ('Sei Jawi Jawi', 'Non Hayati', 2.48042, 100.088095, 34),
    ('Kuala Bangka', 'Non Hayati', 2.539131, 99.883773, 28),
    ('Sidulang', 'Non Hayati', 2.327049, 99.196872, 30),
    ('Tamparungo', 'Non Hayati', -0.415212, 100.887246, 16),
    ('Lima Puluh Kota', 'Non Hayati', -0.197037, 100.719066, 20),
    ('Lebuh Rarak', 'Non Hayati', -3.491174, 104.837643, 25),
    ('Titi Akar', 'Non Hayati', 1.947226, 101.586219, 14),
    ('Pulau Muda', 'Non Hayati', 0.350289, 102.838331, 14),
    ('Gunung Sari', 'Non Hayati', 0.110841, 101.304943, 15),
    ('Batu Belah', 'Non Hayati', 3.181928, 106.271698, 11),
    ('Suka Maju', 'Non Hayati', -1.25854, 103.711689, 9),
    ('Tapah Sari', 'Non Hayati', -1.560187, 102.908796, 9),
    ('Muara Kemumu', 'Non Hayati', -3.553151, 102.73274, 7),
    ('Cit', 'Non Hayati', -1.776863, 105.969439, 6),
    ('Berbura', 'Non Hayati', -1.794054, 105.836993, 6),
    ('Bumi Nabung Baru', 'Non Hayati', -4.694266, 105.520343, 13),
    ('Cipta Waras', 'Non Hayati', -5.11427, 104.483442, 13),
    ('Kadubereum', 'Non Hayati', -6.195204, 106.040193, 62),
    ('Cipareuan', 'Non Hayati', -7.078287, 107.958058, 78),
    ('Kemang', 'Non Hayati', -6.911908, 107.247931, 76),
    ('Rawabogo', 'Non Hayati', -7.059125, 107.429443, 72),
    ('Wonorejo', 'Non Hayati', -6.982666, 109.621315, 83),
    ('Banyusari', 'Non Hayati', -7.446216, 110.269183, 80),
    ('Candi', 'Non Hayati', -7.188378, 110.347039, 81),
    ('Tlogoagung', 'Non Hayati', -6.881003, 111.925699, 88),
    ('Lumbang', 'Non Hayati', -7.884541, 112.956713, 93),
    ('Randubang', 'Non Hayati', -7.830203, 110.904898, 65),
    ('Labuhan Pandan', 'Non Hayati', -8.405664, 116.714807, 97),
    ('Belanting', 'Non Hayati', -8.318947, 116.615767, 96),
    ('Golo Loni', 'Non Hayati', -8.652992, 120.56542, 98),
    ('Mukureku', 'Non Hayati', -8.657318, 121.851649, 98),
    ('Lalang', 'Non Hayati', -0.100672, 109.962299, 52),
    ('Lintang Kapuas', 'Non Hayati', 0.045369, 110.553965, 52),
    ('Selampung', 'Non Hayati', 0.280715, 110.821151, 53),
    ('Mantewe', 'Non Hayati', -3.265392, 115.628484, 54),
    ('Rejo Winangun', 'Non Hayati', -3.363622, 115.824609, 55),
    ('Ayawan', 'Non Hayati', -2.049392, 112.145442, 56),
    ('Menamang Kiri', 'Non Hayati', 0.142287, 116.861674, 57),
    ('Tepian Makmur', 'Non Hayati', 0.694345, 117.058445, 58),
    ('Lulu', 'Non Hayati', 3.94223, 116.859769, 60),
    ('Nunukan Utara', 'Non Hayati', 4.27342, 117.229417, 60),
    ('Tangga Barito', 'Non Hayati', 0.712993, 122.282839, 35),
    ('Padang Raya', 'Non Hayati', -2.304881, 119.917085, 37),
    ('Letta', 'Non Hayati', -3.51339, 119.667199, 38),
    ('Laeya', 'Non Hayati', -4.320626, 122.464087, 40),
    ('Uematopa', 'Non Hayati', -1.177129, 121.637454, 39),
    ('Tewasen', 'Non Hayati', 1.166857, 124.501568, 42),
    ('Kauditan', 'Non Hayati', 1.373809, 125.015472, 45),
    ('Wahai', 'Non Hayati', -2.911164, 129.299552, 49),
    ('Mekar Sari', 'Non Hayati', 1.123128, 128.332141, 47),
    ('Totoberi', 'Non Hayati', -2.867051, 136.089483, 51),
    ('Kayubiro', 'Non Hayati', -2.134337, 132.492683, 50),
    ('Lamtamot', 'Hayati', 5.460137, 95.670236, 2),
    ('Leuser', 'Hayati', 3.690681, 97.657376, 5),
    ('Bali Barat', 'Hayati', -8.285611, 114.631092, 95),
    ('Gunung Maras', 'Hayati', -1.867218, 105.838682, 6),
    ('Nyuruk', 'Hayati', -2.921583, 107.871747, 6),
    ('Pergam', 'Hayati', -2.826271, 106.385468, 6),
    ('Senyubuk', 'Hayati', -2.775767, 108.090546, 6),
    ('Kembiri', 'Hayati', -3.016367, 107.787835, 6),
    ('Ujung Kulon', 'Hayati', -6.781587, 105.377737, 62),
    ('Cidaon', 'Hayati', -6.745986, 105.347945, 64),
    ('Lebong Sakti', 'Hayati', -3.105338, 102.323704, 7),
    ('Lebonsimpang', 'Hayati', -3.333373, 102.290281, 7),
    ('Simau', 'Hayati', -2.997681, 101.937708, 7),
    ('Kulonprogo', 'Hayati', -7.931501, 110.098123, 65),
    ('Angke Kapuk', 'Hayati', -6.111329, 106.752768, 68),
    ('Berbak', 'Hayati', -1.277243, 104.277699, 8),
    ('Bukit Duabelas', 'Hayati', -1.950772, 102.664735, 8),
    ('Muara Gembong', 'Hayati', -6.375708, 107.158123, 72),
    ('Gunung Ciremai', 'Hayati', -6.908247, 108.419965, 74),
    ('Gunung Gede Pangrango', 'Hayati', -6.782749, 106.987781, 72),
    ('Gunung Halimun-Salak', 'Hayati', -6.702138, 106.520361, 73),
    ('Gunung Sanggabuana', 'Hayati', -6.926218, 111.188077, 73),
    ('Kepulauan Seribu', 'Hayati', -5.626533, 106.563865, 77),
    ('Karimunjawa', 'Hayati', -5.808859, 110.471221, 82),
    ('Taman Maerokoco', 'Hayati', -6.940408, 110.401751, 83),
    ('Gunung Merapi', 'Hayati', -7.556598, 110.440578, 80),
    ('Gunung Merbabu', 'Hayati', -7.450864, 110.477468, 80),
    ('Karimunjawa', 'Hayati', -5.884624, 110.432327, 85),
    ('Sabana Merbabu', 'Hayati', -7.450705, 110.477712, 84),
    ('Alas Purwo', 'Hayati', -8.682734, 114.451916, 89),
    ('Baluran', 'Hayati', -7.831305, 114.387078, 94),
    ('Bromo Tengger Semeru', 'Hayati', -7.912013, 112.94012, 92),
    ('Meru Betiri', 'Hayati', -8.460142, 113.809947, 90),
    ('Baluran', 'Hayati', -8.472641, 114.228204, 91),
    ('Bromo', 'Hayati', -8.021249, 112.975882, 93),
    ('Betung Kerihun', 'Hayati', 0.361543, 109.803915, 53),
    ('Bukit Baka Bukit Raya', 'Hayati', 0.725185, 113.082538, 52),
    ('Danau Sentarum', 'Hayati', -3.168685, 114.859662, 55),
    ('Gunung Palung', 'Hayati', -1.393041, 112.142466, 56),
    ('Kayan Mentarang', 'Hayati', -0.524159, 116.260254, 58),
    ('Kutai', 'Hayati', 0.927221, 115.007652, 59),
    ('Sebangau', 'Hayati', 1.649434, 117.585759, 57),
    ('Tanjung Puting', 'Hayati', 3.721856, 117.618468, 60),
    ('Bukit Barisan Selatan', 'Hayati', -5.44889, 104.351374, 12),
    ('Way Kambas', 'Hayati', -4.928206, 105.776714, 12),
    ('Aketajawe-Lolobata', 'Hayati', -3.155787, 129.284093, 48),
    ('Laiwangi Wanggameti', 'Hayati', -8.659114, 117.054092, 97),
    ('Manupeu Tanah Daru', 'Hayati', -8.504815, 117.154407, 96),
    ('Sembalun', 'Hayati', -8.363125, 118.504426, 96),
    ('Tanjung Ringgit', 'Hayati', -8.817709, 117.048574, 97),
    ('Gunung Rinjani', 'Hayati', -8.430286, 116.382299, 98),
    ('Gunung Tambora', 'Hayati', -8.2765, 117.954653, 98),
    ('Kelimutu', 'Hayati', -8.742285, 121.796898, 98),
    ('Komodo', 'Hayati', -8.530727, 119.48226, 98),
    ('Kepulauan Komodo', 'Hayati', -8.533658, 120.702571, 98),
    ('Sumba Timur', 'Hayati', -8.39629, 120.654681, 98),
    ('Lorentz', 'Hayati', -4.725699, 137.94067, 51),
    ('Manusela', 'Hayati', -3.170887, 140.504923, 51),
    ('Teluk Cenderawasih', 'Hayati', -2.646858, 134.525316, 50),
    ('Wasur', 'Hayati', -0.73115, 133.195528, 50),
    ('Tesso Nilo', 'Hayati', -0.075254, 101.621597, 15),
    ('Zamrud', 'Hayati', 0.66068, 102.235796, 14),
    ('Bantimurung-Bulusaraung', 'Hayati', -4.787065, 119.89752, 38),
    ('Kepulauan Togean', 'Hayati', -2.021935, 123.398642, 39),
    ('Lore Lindu', 'Hayati', -1.078872, 121.685393, 39),
    ('Rawa Aopa Watumohai', 'Hayati', -3.552189, 121.708035, 40),
    ('Wakatobi', 'Hayati', -5.665507, 123.858717, 40),
    ('Bogani Nani Wartabone', 'Hayati', 0.548376, 123.707272, 45),
    ('Bunaken', 'Hayati', 1.654896, 124.753049, 42),
    ('Gandang Dewata', 'Hayati', 1.160412, 124.999558, 42),
    ('Taka Bone Rate', 'Hayati', 1.124819, 124.726976, 44),
    ('Bukit Tiga Puluh', 'Hayati', -0.95522, 102.464095, 22),
    ('Kerinci Seblat', 'Hayati', -1.693558, 101.248897, 16),
    ('Siberut', 'Hayati', -1.346902, 98.951921, 18),
    ('Sembilang', 'Hayati', -2.034898, 104.654746, 24),
    ('Batang Gadis', 'Hayati', 0.826113, 99.583049, 31),
    ('Agrowisata Kebun Melon', 'Hayati', 5.54176, 95.272014, 3),
    ('Kebun Durian Yuliansyah Fauzi', 'Hayati', 5.262989, 95.278325, 1),
    ('Kebun Kurma Aceh', 'Hayati', 5.543878, 95.51014, 4),
    ('Kebun Sayur BG Zoel Cot Lombo', 'Hayati', 5.066001, 95.918376, 2),
    ('Kebun Stroberry Putri Herlina', 'Hayati', 4.721403, 96.858135, 1),
    ('Kebun Kopi Pak Torus', 'Hayati', 2.870277, 98.927469, 29),
    ('Kebun Kopi Simanjuntak', 'Hayati', 2.078733, 99.034699, 31),
    ('Kebun Sawit', 'Hayati', 1.328977, 99.81323, 32),
    ('Kebun Teh Kayu Jao', 'Hayati', -1.00138, 100.643322, 22),
    ('Kebun Sayur Tiku', 'Hayati', -0.386802, 99.938247, 22),
    ('Kebun Raya Solok', 'Hayati', -0.718416, 100.636248, 17),
    ('Kebun Cokelat', 'Hayati', -0.276602, 100.282326, 22),
    ('Kebun Kelapa Sawit Harapan Baru', 'Hayati', 0.503726, 101.780628, 14),
    ('Kebun Raya Pelalawan', 'Hayati', 0.24805, 101.790755, 15),
    ('Kebun Sawit Eling', 'Hayati', -0.00814, 102.119772, 14),
    ('Kebun Tebu Berkah', 'Hayati', 1.436006, 101.500818, 15),
    ('Kebun Sawit Darunnajah 12', 'Hayati', 1.566807, 101.315978, 15),
    ('Kebun Karet H. Sobirin', 'Hayati', -1.305519, 103.312329, 8),
    ('Kebun Sawit Simalanggo', 'Hayati', -1.39035, 102.690774, 9),
    ('Kebun Sawit Muslih Mujur', 'Hayati', -1.907483, 103.104045, 8),
    ('Kebun Sawit Jaya Santoso', 'Hayati', -3.836504, 102.349221, 7),
    ('Kebun Karet', 'Hayati', -3.170759, 101.737823, 7),
    ('Kebun Sawit Kb. Jeruk Talang', 'Hayati', -2.86134, 104.766537, 25),
    ('Kebun Sawit Pulau Rimau', 'Hayati', -2.904243, 104.557022, 25),
    ('Kebun Karet Rizki Hasri', 'Hayati', -2.904264, 104.455278, 24),
    ('Kebun Karet Daun5 Naryok', 'Hayati', -4.656816, 105.593074, 12),
    ('Kebun Sawit Jenggot', 'Hayati', -4.36684, 105.548432, 13),
    ('Kebun Sawit H. Semain', 'Hayati', -2.470031, 106.286638, 6),
    ('Kebun Teh Tayu', 'Hayati', -1.686263, 105.471257, 6),
    ('Kebon Sayuran Hydroponik Dadi', 'Hayati', -6.388131, 106.331917, 61),
    ('Kebun Sanghyangdamar', 'Hayati', -6.512645, 105.958133, 63),
    ('Kebun Sawit PDTANI Alam Jaya', 'Hayati', -6.806118, 105.802659, 62),
    ('Jambu Pak Aweng', 'Hayati', -6.08897, 107.308796, 75),
    ('Kebun Teh Sekitar Ciater', 'Hayati', -6.757584, 107.650938, 75),
    ('Kebun Teh Pangalengan', 'Hayati', -7.210956, 107.593661, 73),
    ('Kebun Teh Taraju', 'Hayati', -7.466826, 107.947744, 78),
    ('Kebun Teh Gunung Sawal', 'Hayati', -7.157008, 108.225229, 78),
    ('Kebun Greneng', 'Hayati', -6.911964, 111.356195, 81),
    ('Kebun Teh Kertosari', 'Hayati', -7.220841, 109.686638, 84),
    ('Kebun Teh Hijau', 'Hayati', -7.106048, 109.865345, 84),
    ('Kebun Kopi Kalibendo', 'Hayati', -8.16436, 114.264329, 87),
    ('Kebun Kakao', 'Hayati', -8.328057, 114.076836, 92),
    ('Kebun Tebu Nglarangan', 'Hayati', -7.88566, 110.472453, 65),
    ('Kebun Tebu Kembang Tebu', 'Hayati', -7.972312, 110.634438, 65),
    ('Kebun Kelapa Pk Ansell', 'Hayati', -8.420478, 115.571158, 95),
    ('Wikan Kebun Kelapa', 'Hayati', -8.115241, 115.320604, 95),
    ('Kebun Jambu Kristal (Anugrah Putra Farm)', 'Hayati', -0.371649, 111.75581, 53),
    ('Kebun Kelapa Sawit Mandiri G2', 'Hayati', 0.19711, 111.116544, 53),
    ('Kebun Sawit David Navaz', 'Hayati', -0.130532, 110.480751, 52);


INSERT INTO 
    HUTAN (
        KdSitusHutan, JenisHutan
    )
VALUES 
    (601, 'Hujan Tropis'),
    (602, 'Hujan Tropis'),
    (603, 'Hujan Tropis'),
    (604, 'Hujan Tropis'),
    (605, 'Hujan Tropis'),
    (606, 'Hujan Tropis'),
    (607, 'Hujan Tropis'),
    (608, 'Musim'),
    (609, 'Hujan Tropis'),
    (610, 'Sabana'),
    (611, 'Hujan Tropis'),
    (612, 'Hujan Tropis'),
    (613, 'Hujan Tropis'),
    (614, 'Bakau'),
    (615, 'Bakau'),
    (616, 'Hujan Tropis'),
    (617, 'Hujan Tropis'),
    (618, 'Bakau'),
    (619, 'Hujan Tropis'),
    (620, 'Hujan Tropis'),
    (621, 'Hujan Tropis'),
    (622, 'Hujan Tropis'),
    (623, 'Hujan Tropis'),
    (624, 'Bakau'),
    (625, 'Bakau'),
    (626, 'Hujan Tropis'),
    (627, 'Hujan Tropis'),
    (628, 'Hujan Tropis'),
    (629, 'Sabana'),
    (630, 'Hujan Tropis'),
    (631, 'Hujan Tropis'),
    (632, 'Hujan Tropis'),
    (633, 'Hujan Tropis'),
    (634, 'Sabana'),
    (635, 'Sabana'),
    (636, 'Hujan Tropis'),
    (637, 'Hujan Tropis'),
    (638, 'Hujan Tropis'),
    (639, 'Hujan Tropis'),
    (640, 'Hujan Tropis'),
    (641, 'Hujan Tropis'),
    (642, 'Hujan Tropis'),
    (643, 'Hujan Tropis'),
    (644, 'Hujan Tropis'),
    (645, 'Hujan Tropis'),
    (646, 'Hujan Tropis'),
    (647, 'Hujan Tropis'),
    (648, 'Hujan Tropis'),
    (649, 'Sabana'),
    (650, 'Sabana'),
    (651, 'Hujan Tropis'),
    (652, 'Hujan Tropis'),
    (653, 'Hujan Tropis'),
    (654, 'Hujan Tropis'),
    (655, 'Sabana'),
    (656, 'Sabana'),
    (657, 'Hujan Tropis'),
    (658, 'Hujan Tropis'),
    (659, 'Hujan Tropis'),
    (660, 'Hujan Tropis'),
    (661, 'Hujan Tropis'),
    (662, 'Hujan Tropis'),
    (663, 'Hujan Tropis'),
    (664, 'Hujan Tropis'),
    (665, 'Hujan Tropis'),
    (666, 'Hujan Tropis'),
    (667, 'Hujan Tropis'),
    (668, 'Hujan Tropis'),
    (669, 'Hujan Tropis'),
    (670, 'Hujan Tropis'),
    (671, 'Hujan Tropis'),
    (672, 'Hujan Tropis'),
    (673, 'Hujan Tropis'),
    (674, 'Hujan Tropis'),
    (675, 'Hujan Tropis'),
    (676, 'Hujan Tropis');

INSERT INTO
    KEBUN (
        KdSitusKebun, JenisHasil
    )
VALUES
    (677, 'Hortikultura'),
    (678, 'Hortikultura'),
    (679, 'Hortikultura'),
    (680, 'Hortikultura'),
    (681, 'Hortikultura'),
    (682, 'Tahunan'),
    (683, 'Tahunan'),
    (684, 'Tahunan'),
    (685, 'Tahunan'),
    (686, 'Tahunan'),
    (687, 'Tahunan'),
    (688, 'Tahunan'),
    (689, 'Tahunan'),
    (690, 'Tahunan'),
    (691, 'Tahunan'),
    (692, 'Semusim'),
    (693, 'Tahunan'),
    (694, 'Tahunan'),
    (695, 'Tahunan'),
    (696, 'Tahunan'),
    (697, 'Tahunan'),
    (698, 'Tahunan'),
    (699, 'Tahunan'),
    (700, 'Tahunan'),
    (701, 'Tahunan'),
    (702, 'Tahunan'),
    (703, 'Tahunan'),
    (704, 'Tahunan'),
    (705, 'Tahunan'),
    (706, 'Hortikultura'),
    (707, 'Hortikultura'),
    (708, 'Tahunan'),
    (709, 'Tahunan'),
    (710, 'Tahunan'),
    (711, 'Tahunan'),
    (712, 'Tahunan'),
    (713, 'Tahunan'),
    (714, 'Tahunan'),
    (715, 'Tahunan'),
    (716, 'Tahunan'),
    (717, 'Tahunan'),
    (718, 'Tahunan'),
    (719, 'Tahunan'),
    (720, 'Tahunan'),
    (721, 'Semusim'),
    (722, 'Semusim'),
    (723, 'Semusim'),
    (724, 'Tahunan'),
    (725, 'Tahunan');


INSERT INTO 
    MINYAK_MENTAH (
        NamaMinyak, APIGravity,
        PersenBelerang
    )
VALUES
    ('Belanak', 47.8, 0.02),
    ('Cepu', 32, 0.15),
    ('Cinta', 31.1, 0.09),
    ('Duri', 20.8, 0.20),
    ('Handil Mix', 43.9, 0.05),
    ('Minas', 35.3, 0.09),
    ('Senipah', 51.9, 0.03),
    ('West Seno', 38, 0.12),
    ('Widuri', 33.2, 0.07);

INSERT INTO 
    RIG_PENGEBORAN (
        KdSitusPengeboran, KlasifikasiLokasi, KdProdMinyak
    )
VALUES
    (496, 'Off', 1),
    (497, 'On', 7),
    (498, 'On', 9),
    (499, 'Off', 2),
    (500, 'Off', 3),
    (501, 'On', 4),
    (502, 'On', 6),
    (503, 'Off', 2),
    (504, 'Off', 8),
    (505, 'On Off', 2),
    (506, 'On Off', 4),
    (507, 'Off', 8),
    (508, 'Off', 4),
    (509, 'On', 3),
    (510, 'On', 2),
    (511, 'On', 3),
    (512, 'Off', 4),
    (513, 'Off', 7),
    (514, 'On Off', 2),
    (515, 'On', 6),
    (516, 'On Off', 1),
    (517, 'On', 2),
    (518, 'On Off', 9),
    (519, 'Off', 6),
    (520, 'Off', 4),
    (521, 'Off', 8),
    (522, 'On', 7),
    (523, 'On', 1),
    (524, 'Off', 3),
    (525, 'On Off', 2),
    (526, 'On Off', 4),
    (527, 'On', 6),
    (528, 'Off', 7),
    (529, 'On', 5),
    (530, 'Off', 1),
    (531, 'Off', 1),
    (532, 'On', 5),
    (533, 'Off', 1),
    (534, 'Off', 2),
    (535, 'Off', 4),
    (536, 'Off', 5),
    (537, 'On', 3),
    (538, 'On Off', 3),
    (539, 'On', 5),
    (540, 'Off', 8),
    (541, 'Off', 7),
    (542, 'On Off', 5),
    (543, 'On', 9),
    (544, 'Off', 1),
    (545, 'On', 1);

INSERT INTO 
    TAMBANG (
        KdSitusTambang, KlasifikasiLokasi
    )
VALUES
    (546, 'Bawah Tanah'),
    (547, 'Bawah Tanah'),
    (548, 'Bawah Tanah'),
    (549, 'Permukaan'),
    (550, 'Permukaan'),
    (551, 'Bawah Tanah'),
    (552, 'Bawah Tanah'),
    (553, 'Permukaan'),
    (554, 'Bawah Tanah'),
    (555, 'Bawah Tanah'),
    (556, 'Bawah Tanah'),
    (557, 'Permukaan'),
    (558, 'Permukaan'),
    (559, 'Bawah Tanah'),
    (560, 'Permukaan'),
    (561, 'Permukaan'),
    (562, 'Bawah Tanah'),
    (563, 'Bawah Tanah'),
    (564, 'Permukaan'),
    (565, 'Bawah Tanah'),
    (566, 'Bawah Tanah'),
    (567, 'Permukaan'),
    (568, 'Permukaan'),
    (569, 'Permukaan'),
    (570, 'Permukaan'),
    (571, 'Bawah Tanah'),
    (572, 'Bawah Tanah'),
    (573, 'Bawah Tanah'),
    (574, 'Bawah Tanah'),
    (575, 'Bawah Tanah'),
    (576, 'Permukaan'),
    (577, 'Bawah Tanah'),
    (578, 'Permukaan'),
    (579, 'Permukaan'),
    (580, 'Permukaan'),
    (581, 'Bawah Tanah'),
    (582, 'Permukaan'),
    (583, 'Bawah Tanah'),
    (584, 'Permukaan'),
    (585, 'Permukaan'),
    (586, 'Bawah Tanah'),
    (587, 'Permukaan'),
    (588, 'Bawah Tanah'),
    (589, 'Permukaan'),
    (590, 'Bawah Tanah'),
    (591, 'Bawah Tanah'),
    (592, 'Permukaan'),
    (593, 'Permukaan'),
    (594, 'Permukaan'),
    (595, 'Bawah Tanah'),
    (596, 'Permukaan'),
    (597, 'Bawah Tanah'),
    (598, 'Permukaan'),
    (599, 'Permukaan'),
    (600, 'Bawah Tanah');

INSERT INTO 
    SITUS_AIR (
        KdSitusAir, JenisSitus, TingkatKeasaman,
        OksigenTerlarut, Salinitas, Alkalinitas
    )
VALUES
    (1, 'Bendungan', 8.21, 8.29, 0.0214, 8.31),
    (2, 'Bendungan', 8.93, 10.85, 0.0154, 10.86),
    (3, 'Bendungan', 6.38, 7.95, 0.005, 7.96),
    (4, 'Bendungan', 8.72, 11.98, 0.007, 11.99),
    (5, 'Bendungan', 6.73, 9.16, 0.0203, 9.18),
    (6, 'Bendungan', 7.33, 10.65, 0.0244, 10.67),
    (7, 'Bendungan', 6.61, 10.41, 0.0101, 10.42),
    (8, 'Bendungan', 8.02, 9.68, 0.0232, 9.71),
    (9, 'Bendungan', 7.59, 10.46, 0.0083, 10.46),
    (10, 'Bendungan', 8.16, 11.66, 0.0058, 11.66),
    (11, 'Bendungan', 7.34, 9.43, 0.0261, 9.46),
    (12, 'Bendungan', 8.72, 6.98, 0.0068, 6.99),
    (13, 'Bendungan', 6.61, 10.74, 0.0137, 10.76),
    (14, 'Bendungan', 7.17, 9.98, 0.023, 10),
    (15, 'Bendungan', 6.68, 9.59, 0.0218, 9.61),
    (16, 'Bendungan', 6.15, 8.93, 0.0176, 8.94),
    (17, 'Bendungan', 8.41, 8.32, 0.0221, 8.34),
    (18, 'Bendungan', 6.78, 8.97, 0.0039, 8.97),
    (19, 'Bendungan', 8.23, 11.79, 0.0253, 11.82),
    (20, 'Bendungan', 6.96, 11.09, 0.0219, 11.11),
    (21, 'Bendungan', 8.3, 8.85, 0.0049, 8.85),
    (22, 'Bendungan', 7.7, 10.37, 0.0049, 10.38),
    (23, 'Bendungan', 6.5, 10.34, 0.0213, 10.37),
    (24, 'Bendungan', 7.84, 10.7, 0.0197, 10.72),
    (25, 'Bendungan', 8.18, 8.66, 0.0129, 8.67),
    (26, 'Bendungan', 7.66, 8.38, 0.0178, 8.4),
    (27, 'Bendungan', 6.19, 9.28, 0.0053, 9.28),
    (28, 'Bendungan', 8.36, 8.38, 0.007, 8.39),
    (29, 'Bendungan', 7.57, 11.16, 0.024, 11.18),
    (30, 'Bendungan', 8.88, 11.96, 0.0067, 11.97),
    (31, 'Bendungan', 6.51, 9.88, 0.0219, 9.9),
    (32, 'Bendungan', 7.66, 10.09, 0.0214, 10.12),
    (33, 'Bendungan', 7.39, 11.67, 0.0067, 11.67),
    (34, 'Bendungan', 7.07, 10.87, 0.0066, 10.88),
    (35, 'Bendungan', 7.38, 7.97, 0.0108, 7.98),
    (36, 'Bendungan', 6.6, 10.04, 0.0211, 10.06),
    (37, 'Bendungan', 6.82, 6.75, 0.0203, 6.77),
    (38, 'Bendungan', 6.01, 10.48, 0.0266, 10.51),
    (39, 'Bendungan', 7.72, 10.65, 0.0125, 10.66),
    (40, 'Bendungan', 7.7, 10.35, 0.0096, 10.36),
    (41, 'Bendungan', 6.83, 11.98, 0.0288, 12.01),
    (42, 'Bendungan', 8.91, 11.28, 0.0135, 11.29),
    (43, 'Bendungan', 6.1, 9.26, 0.0072, 9.26),
    (44, 'Bendungan', 6.45, 11.72, 0.0223, 11.74),
    (45, 'Bendungan', 7, 9.2, 0.0063, 9.21),
    (46, 'Bendungan', 7.1, 9.95, 0.0255, 9.98),
    (47, 'Bendungan', 8.8, 11.77, 0.0129, 11.78),
    (48, 'Bendungan', 7.65, 9.02, 0.0103, 9.03),
    (49, 'Bendungan', 7.38, 8.33, 0.0241, 8.35),
    (50, 'Bendungan', 8, 9.18, 0.0185, 9.2),
    (51, 'Bendungan', 6.16, 6.51, 0.0163, 6.52),
    (52, 'Bendungan', 8.2, 10.31, 0.0224, 10.33),
    (53, 'Bendungan', 8.91, 11.01, 0.0083, 11.02),
    (54, 'Bendungan', 8.19, 11.22, 0.0055, 11.23),
    (55, 'Bendungan', 6.49, 10.87, 0.0105, 10.88),
    (56, 'Bendungan', 6.69, 9.3, 0.0177, 9.32),
    (57, 'Bendungan', 7.87, 10.19, 0.0076, 10.2),
    (58, 'Bendungan', 7.3, 8.39, 0.0175, 8.41),
    (59, 'Bendungan', 7.58, 10.92, 0.0113, 10.93),
    (60, 'Bendungan', 7.51, 8.26, 0.0077, 8.26),
    (61, 'Bendungan', 6.54, 8.53, 0.0121, 8.54),
    (62, 'Bendungan', 8.21, 10.33, 0.0198, 10.35),
    (63, 'Bendungan', 6.66, 11.11, 0.0285, 11.14),
    (64, 'Bendungan', 7.85, 8.97, 0.0206, 8.99),
    (65, 'Bendungan', 6.78, 8.26, 0.0076, 8.27),
    (66, 'Bendungan', 6.22, 9.82, 0.0032, 9.82),
    (67, 'Bendungan', 8.47, 10.6, 0.0162, 10.62),
    (68, 'Bendungan', 8.56, 11.61, 0.0158, 11.62),
    (69, 'Bendungan', 7.25, 11.49, 0.0051, 11.5),
    (70, 'Bendungan', 8.3, 10.97, 0.0068, 10.98),
    (71, 'Bendungan', 8.74, 10.79, 0.0231, 10.81),
    (72, 'Bendungan', 6.56, 11.14, 0.0248, 11.17),
    (73, 'Bendungan', 7.66, 10.62, 0.018, 10.63),
    (74, 'Bendungan', 8.07, 10.02, 0.0267, 10.05),
    (75, 'Bendungan', 7.31, 9.55, 0.0044, 9.56),
    (76, 'Bendungan', 7.47, 9.91, 0.0155, 9.93),
    (77, 'Bendungan', 7.1, 10.59, 0.0076, 10.6),
    (78, 'Bendungan', 7.1, 10.24, 0.0099, 10.25),
    (79, 'Bendungan', 6.02, 9.77, 0.0057, 9.78),
    (80, 'Bendungan', 7.31, 9.14, 0.0168, 9.16),
    (81, 'Bendungan', 8.74, 6.06, 0.0133, 6.07),
    (82, 'Bendungan', 6.89, 11.4, 0.022, 11.42),
    (83, 'Bendungan', 8.42, 8.38, 0.0245, 8.4),
    (84, 'Bendungan', 7.65, 10.25, 0.0153, 10.27),
    (85, 'Bendungan', 6.16, 7.69, 0.0212, 7.71),
    (86, 'Bendungan', 7.71, 9.81, 0.0033, 9.81),
    (87, 'Bendungan', 7.56, 7.63, 0.0041, 7.63),
    (88, 'Bendungan', 8.04, 11.19, 0.0084, 11.19),
    (89, 'Bendungan', 8.41, 9.69, 0.0027, 9.7),
    (90, 'Bendungan', 8.34, 6.66, 0.0263, 6.69),
    (91, 'Bendungan', 8.24, 8.67, 0.0054, 8.67),
    (92, 'Bendungan', 6.86, 9.94, 0.0254, 9.97),
    (93, 'Bendungan', 7.83, 9.17, 0.0126, 9.19),
    (94, 'Bendungan', 7.07, 10.06, 0.0149, 10.08),
    (95, 'Bendungan', 7.84, 9.3, 0.0195, 9.31),
    (96, 'Bendungan', 8.82, 10.3, 0.0058, 10.31),
    (97, 'Bendungan', 8.26, 9.01, 0.0209, 9.03),
    (98, 'Bendungan', 7.65, 11.68, 0.0176, 11.7),
    (99, 'Bendungan', 7.59, 11.25, 0.005, 11.25),
    (100, 'Bendungan', 7.58, 10.96, 0.0202, 10.98),
    (101, 'Bendungan', 7.05, 7.15, 0.0217, 7.18),
    (102, 'Bendungan', 7.56, 10.56, 0.0167, 10.58),
    (103, 'Bendungan', 6.5, 11.27, 0.0135, 11.28),
    (104, 'Bendungan', 6.3, 11.22, 0.0117, 11.23),
    (105, 'Bendungan', 9, 9.21, 0.0169, 9.23),
    (106, 'Bendungan', 7.05, 9.37, 0.006, 9.37),
    (107, 'Bendungan', 8.21, 9.4, 0.0242, 9.42),
    (108, 'Bendungan', 7.64, 8.12, 0.0138, 8.13),
    (109, 'Bendungan', 7.14, 9.89, 0.025, 9.92),
    (110, 'Bendungan', 7.81, 8.41, 0.0215, 8.43),
    (111, 'Bendungan', 7.64, 11.16, 0.0152, 11.18),
    (112, 'Bendungan', 6.32, 10.5, 0.0246, 10.52),
    (113, 'Bendungan', 7.75, 11.4, 0.022, 11.42),
    (114, 'Bendungan', 7.9, 7.3, 0.009, 7.31),
    (115, 'Bendungan', 8.2, 11.43, 0.0259, 11.46),
    (116, 'Bendungan', 7.04, 8.18, 0.0242, 8.21),
    (117, 'Bendungan', 8.01, 8.42, 0.0216, 8.44),
    (118, 'Bendungan', 8, 7.92, 0.0224, 7.94),
    (119, 'Bendungan', 7.55, 10.23, 0.0071, 10.23),
    (120, 'Bendungan', 7.81, 9.27, 0.0252, 9.29),
    (121, 'Bendungan', 6.48, 10.87, 0.0157, 10.88),
    (122, 'Bendungan', 6.24, 11.12, 0.0062, 11.12),
    (123, 'Bendungan', 8.78, 9.15, 0.0021, 9.16),
    (124, 'Bendungan', 8.34, 11.29, 0.0256, 11.32),
    (125, 'Bendungan', 7, 7.85, 0.0181, 7.87),
    (126, 'Bendungan', 7.27, 11, 0.0198, 11.02),
    (127, 'Bendungan', 7.9, 10.11, 0.0083, 10.12),
    (128, 'Bendungan', 6.1, 7.91, 0.0209, 7.93),
    (129, 'Bendungan', 6.14, 9.77, 0.0173, 9.79),
    (130, 'Bendungan', 8.25, 8.25, 0.0043, 8.25),
    (131, 'Bendungan', 8.94, 9.57, 0.0203, 9.59),
    (132, 'Bendungan', 8.7, 6.34, 0.0092, 6.34),
    (133, 'Bendungan', 8.34, 11.8, 0.007, 11.81),
    (134, 'Bendungan', 6.09, 10.41, 0.0097, 10.42),
    (135, 'Bendungan', 6.46, 9.5, 0.0257, 9.52),
    (136, 'Bendungan', 8.45, 11.05, 0.0139, 11.07),
    (137, 'Bendungan', 6.9, 9.06, 0.0219, 9.09),
    (138, 'Bendungan', 8.2, 7.23, 0.0108, 7.24),
    (139, 'Bendungan', 7.26, 11.45, 0.0073, 11.45),
    (140, 'Bendungan', 6.1, 8.43, 0.0245, 8.45),
    (141, 'Bendungan', 6.47, 8.48, 0.009, 8.49),
    (142, 'Bendungan', 7.21, 9.63, 0.0057, 9.64),
    (143, 'Bendungan', 7.88, 11.85, 0.0252, 11.88),
    (144, 'Bendungan', 7.27, 11.36, 0.0152, 11.37),
    (145, 'Cekdam', 8.65, 10.23, 0.0115, 10.24),
    (146, 'Cekdam', 8.83, 10.99, 0.0232, 11.01),
    (147, 'Cekdam', 8.58, 9.07, 0.0257, 9.1),
    (148, 'Cekdam', 6.87, 10.85, 0.0133, 10.86),
    (149, 'Cekdam', 6.46, 7.8, 0.0176, 7.81),
    (150, 'Cekdam', 7.45, 9.7, 0.0225, 9.73),
    (151, 'Cekdam', 8.23, 9.75, 0.0196, 9.77),
    (152, 'Cekdam', 6.05, 11.94, 0.0257, 11.97),
    (153, 'Cekdam', 6.31, 9.44, 0.0123, 9.45),
    (154, 'Cekdam', 6.09, 11.64, 0.0051, 11.64),
    (155, 'Cekdam', 8.68, 9.96, 0.0072, 9.96),
    (156, 'Cekdam', 8.59, 11.88, 0.0261, 11.91),
    (157, 'Cekdam', 8.93, 7.61, 0.0174, 7.63),
    (158, 'Cekdam', 7.43, 11.62, 0.0094, 11.63),
    (159, 'Cekdam', 8.96, 11.99, 0.0194, 12.01),
    (160, 'Cekdam', 7.95, 10.17, 0.0135, 10.19),
    (161, 'Cekdam', 6.88, 10.56, 0.0243, 10.59),
    (162, 'Cekdam', 8.82, 9.99, 0.0256, 10.01),
    (163, 'Cekdam', 7.55, 7.32, 0.0229, 7.34),
    (164, 'Cekdam', 8.98, 10.95, 0.0152, 10.97),
    (165, 'Cekdam', 8.73, 8.21, 0.0197, 8.23),
    (166, 'Cekdam', 6.45, 11.84, 0.0232, 11.86),
    (167, 'Cekdam', 6.35, 9.31, 0.0234, 9.33),
    (168, 'Cekdam', 8.7, 11.6, 0.0073, 11.61),
    (169, 'Cekdam', 6.97, 6.21, 0.0212, 6.23),
    (170, 'Cekdam', 6.91, 8.61, 0.0118, 8.62),
    (171, 'Cekdam', 8.09, 11.51, 0.0215, 11.53),
    (172, 'Cekdam', 8.5, 7.02, 0.0207, 7.04),
    (173, 'Cekdam', 8.55, 10.35, 0.0191, 10.37),
    (174, 'Cekdam', 6.16, 9.73, 0.0158, 9.74),
    (175, 'Cekdam', 6.59, 9.09, 0.0205, 9.11),
    (176, 'Cekdam', 6.38, 11.48, 0.0071, 11.49),
    (177, 'Cekdam', 6.57, 7.63, 0.0285, 7.66),
    (178, 'Cekdam', 6.92, 10.62, 0.0053, 10.63),
    (179, 'Cekdam', 7.07, 10.26, 0.0151, 10.28),
    (180, 'Cekdam', 7.01, 7.17, 0.0177, 7.18),
    (181, 'Cekdam', 6.59, 8.36, 0.0166, 8.38),
    (182, 'Cekdam', 8.49, 11.79, 0.0138, 11.8),
    (183, 'Cekdam', 7.99, 7.45, 0.0137, 7.46),
    (184, 'Cekdam', 7.96, 8.66, 0.0213, 8.68),
    (185, 'Cekdam', 6.47, 11.03, 0.0045, 11.04),
    (186, 'Cekdam', 7.35, 10.19, 0.0086, 10.19),
    (187, 'Cekdam', 7.59, 10.81, 0.0136, 10.82),
    (188, 'Cekdam', 7.98, 11.26, 0.0187, 11.27),
    (189, 'Cekdam', 8.01, 8.91, 0.0159, 8.93),
    (190, 'Cekdam', 7.19, 9.79, 0.005, 9.8),
    (191, 'Cekdam', 6.76, 9.92, 0.0274, 9.95),
    (192, 'Cekdam', 6.37, 10.55, 0.0153, 10.56),
    (193, 'Cekdam', 7.62, 9.7, 0.0121, 9.71),
    (194, 'Cekdam', 6.38, 9.58, 0.0263, 9.61),
    (195, 'Cekdam', 6.78, 10.85, 0.0085, 10.85),
    (196, 'Cekdam', 8.44, 9.04, 0.0069, 9.04),
    (197, 'Cekdam', 6.63, 8.7, 0.0158, 8.72),
    (198, 'Cekdam', 6.34, 10.29, 0.0091, 10.29),
    (199, 'Cekdam', 6.12, 10.04, 0.0177, 10.06),
    (200, 'Cekdam', 6.4, 6.5, 0.005, 6.51),
    (201, 'Cekdam', 8.37, 9.81, 0.0176, 9.83),
    (202, 'Cekdam', 6.33, 9.72, 0.0087, 9.73),
    (203, 'Cekdam', 8.34, 11.52, 0.0181, 11.54),
    (204, 'Cekdam', 7.51, 7.65, 0.0173, 7.67),
    (205, 'Cekdam', 6.77, 10.3, 0.0251, 10.32),
    (206, 'Cekdam', 8.92, 10.59, 0.0086, 10.6),
    (207, 'Cekdam', 6.8, 10.43, 0.0122, 10.44),
    (208, 'Cekdam', 8.82, 9.47, 0.0117, 9.48),
    (209, 'Cekdam', 7.92, 10.39, 0.0124, 10.4),
    (210, 'Cekdam', 7.72, 7.99, 0.0198, 8),
    (211, 'Cekdam', 6.37, 7.46, 0.0183, 7.48),
    (212, 'Cekdam', 7.2, 11.64, 0.015, 11.66),
    (213, 'Cekdam', 8.78, 8.02, 0.0149, 8.03),
    (214, 'Cekdam', 8.16, 9.79, 0.0161, 9.81),
    (215, 'Cekdam', 7.81, 10.41, 0.0171, 10.43),
    (216, 'Cekdam', 6.96, 8.67, 0.0174, 8.69),
    (217, 'Cekdam', 8.5, 11.88, 0.0188, 11.9),
    (218, 'Cekdam', 6.7, 10.88, 0.0201, 10.9),
    (219, 'Cekdam', 6.15, 8.33, 0.0215, 8.35),
    (220, 'Cekdam', 8.91, 9.99, 0.024, 10.01),
    (221, 'Dam', 8.31, 11.15, 0.024, 11.18),
    (222, 'Dam', 6.9, 10.84, 0.0266, 10.87),
    (223, 'Dam', 7.55, 10.98, 0.0097, 10.99),
    (224, 'Dam', 6.17, 9.88, 0.0209, 9.9),
    (225, 'Dam', 6.72, 10.78, 0.0243, 10.81),
    (226, 'Dam', 8.99, 7.82, 0.0184, 7.84),
    (227, 'Dam', 8.82, 9.83, 0.0086, 9.84),
    (228, 'Dam', 8, 9.31, 0.0236, 9.33),
    (229, 'Dam', 8.27, 7.57, 0.0233, 7.59),
    (230, 'Dam', 7.5, 8.7, 0.0246, 8.73),
    (231, 'Dam', 8.74, 8.81, 0.0156, 8.83),
    (232, 'Dam', 8.15, 9.34, 0.0247, 9.37),
    (233, 'Dam', 6.39, 9.23, 0.0075, 9.24),
    (234, 'Dam', 7.13, 9.78, 0.0181, 9.79),
    (235, 'Dam', 8.52, 9.86, 0.0143, 9.87),
    (236, 'Dam', 7.36, 11.69, 0.0254, 11.71),
    (237, 'Dam', 8.34, 11.74, 0.0097, 11.75),
    (238, 'Dam', 6.25, 11.12, 0.0222, 11.15),
    (239, 'Dam', 8.76, 9.87, 0.0259, 9.89),
    (240, 'Dam', 7.24, 10.5, 0.0115, 10.51),
    (241, 'Dam', 7.6, 9.03, 0.0149, 9.05),
    (242, 'Dam', 8.6, 8, 0.0244, 8.03),
    (243, 'Dam', 8.62, 10.72, 0.0222, 10.75),
    (244, 'Dam', 6.33, 8.7, 0.0063, 8.71),
    (245, 'Dam', 8.53, 11.51, 0.0269, 11.54),
    (246, 'Dam', 8.38, 6.17, 0.0208, 6.19),
    (247, 'Dam', 8.08, 7.47, 0.0162, 7.48),
    (248, 'Dam', 8.49, 9.6, 0.0175, 9.61),
    (249, 'Dam', 8.35, 9.47, 0.0153, 9.48),
    (250, 'Dam', 7.62, 10.16, 0.0077, 10.17),
    (251, 'Dam', 6.37, 11.1, 0.0239, 11.13),
    (252, 'Dam', 9, 11, 0.0111, 11.01),
    (253, 'Dam', 7.7, 11.51, 0.0154, 11.52),
    (254, 'Dam', 6.04, 11.95, 0.0223, 11.97),
    (255, 'Dam', 6.97, 10.09, 0.0106, 10.1),
    (256, 'Dam', 6.77, 10.47, 0.0071, 10.47),
    (257, 'Dam', 8.8, 11.99, 0.0045, 12),
    (258, 'Dam', 8.06, 8.89, 0.0041, 8.89),
    (259, 'Dam', 6.09, 9.81, 0.0071, 9.81),
    (260, 'Dam', 8.48, 9.92, 0.0105, 9.94),
    (261, 'Dam', 6.93, 7.65, 0.0228, 7.67),
    (262, 'Dam', 8.99, 9.74, 0.0053, 9.74),
    (263, 'Dam', 6.78, 10.31, 0.0118, 10.32),
    (264, 'Dam', 8.44, 10.16, 0.0212, 10.18),
    (265, 'Dam', 6.1, 7.12, 0.0135, 7.13),
    (266, 'Dam', 8.75, 8.75, 0.0043, 8.75),
    (267, 'Dam', 8.89, 7.13, 0.0155, 7.15),
    (268, 'Dam', 6.84, 7.07, 0.0104, 7.08),
    (269, 'Dam', 7.55, 11.94, 0.0077, 11.95),
    (270, 'Dam', 7.5, 9.89, 0.0267, 9.92),
    (271, 'Dam', 6.03, 8.97, 0.0033, 8.97),
    (272, 'Dam', 7.19, 7.36, 0.0099, 7.37),
    (273, 'Dam', 7.91, 8.28, 0.0086, 8.29),
    (274, 'Dam', 7.48, 8.58, 0.0209, 8.61),
    (275, 'Dam', 8.79, 9.11, 0.0228, 9.13),
    (276, 'Dam', 6.61, 11.53, 0.0091, 11.54),
    (277, 'Dam', 7.38, 7.31, 0.0124, 7.32),
    (278, 'Dam', 7.14, 8.03, 0.0088, 8.04),
    (279, 'Dam', 8.16, 9.45, 0.0123, 9.47),
    (280, 'Dam', 7.16, 9.39, 0.0052, 9.4),
    (281, 'Dam', 6.91, 9.47, 0.0054, 9.47),
    (282, 'Dam', 8.48, 10.95, 0.0274, 10.98),
    (283, 'Dam', 7.05, 10.5, 0.028, 10.53),
    (284, 'Dam', 6.66, 9.56, 0.0092, 9.57),
    (285, 'Dam', 6.69, 10.77, 0.0053, 10.77),
    (286, 'Dam', 8.91, 10.92, 0.0081, 10.93),
    (287, 'Dam', 7.74, 8.83, 0.0059, 8.84),
    (288, 'Dam', 6.6, 7.75, 0.018, 7.77),
    (289, 'Dam', 6.33, 10.47, 0.0026, 10.47),
    (290, 'Dam', 8.53, 11.39, 0.0227, 11.41),
    (291, 'Dam', 6.03, 10.52, 0.0192, 10.54),
    (292, 'Dam', 8.76, 10.46, 0.0187, 10.48),
    (293, 'Dam', 7.77, 9.54, 0.022, 9.56),
    (294, 'Dam', 6.18, 9.04, 0.0153, 9.06),
    (295, 'Dam', 7.25, 10.12, 0.0072, 10.12),
    (296, 'Dam', 7.98, 7.67, 0.0215, 7.69),
    (297, 'Dam', 7.09, 9.28, 0.0177, 9.3),
    (298, 'Dam', 7.33, 10.05, 0.0145, 10.07),
    (299, 'Dam', 7.11, 9.33, 0.0118, 9.34),
    (300, 'Dam', 7.5, 9.08, 0.0131, 9.09),
    (301, 'Dam', 8.01, 10.77, 0.0203, 10.79),
    (302, 'Dam', 8.66, 10.49, 0.0142, 10.51),
    (303, 'Dam', 9, 6.86, 0.0168, 6.88),
    (304, 'Dam', 8.52, 10.47, 0.0249, 10.49),
    (305, 'Dam', 8.75, 9.66, 0.0195, 9.68),
    (306, 'Dam', 6.65, 8.14, 0.0191, 8.16),
    (307, 'Dam', 8.42, 6.37, 0.022, 6.4),
    (308, 'Dam', 6.93, 7.4, 0.0078, 7.4),
    (309, 'Dam', 6.33, 10.73, 0.0259, 10.76),
    (310, 'Dam', 6.27, 11.45, 0.0062, 11.46),
    (311, 'Dam', 7.94, 10.46, 0.0181, 10.48),
    (312, 'Dam', 8.13, 11.04, 0.024, 11.06),
    (313, 'Dam', 8.15, 10.67, 0.0063, 10.68),
    (314, 'Dam', 7.04, 10.87, 0.0265, 10.9),
    (315, 'Dam', 6.01, 10.06, 0.008, 10.07),
    (316, 'Dam', 7.52, 9.76, 0.0164, 9.78),
    (317, 'Dam', 8.61, 11.78, 0.0254, 11.81),
    (318, 'Dam', 7.62, 9.29, 0.0185, 9.3),
    (319, 'Dam', 8.18, 11.14, 0.025, 11.16),
    (320, 'Dam', 7.38, 11.04, 0.0053, 11.05),
    (321, 'Dam', 6.18, 10.04, 0.0115, 10.05),
    (322, 'Dam', 6.79, 11.72, 0.0191, 11.74),
    (323, 'Dam', 7.73, 6.91, 0.0094, 6.92),
    (324, 'Dam', 7.2, 11.38, 0.0274, 11.41),
    (325, 'Dam', 8.82, 8.4, 0.0167, 8.41),
    (326, 'Dam', 6.42, 9.58, 0.0254, 9.61),
    (327, 'Dam', 7.95, 8.3, 0.0258, 8.32),
    (328, 'Dam', 6.49, 11.29, 0.0079, 11.29),
    (329, 'Dam', 7.31, 10.07, 0.0114, 10.08),
    (330, 'Dam', 8.55, 10.85, 0.0205, 10.87),
    (331, 'Dam', 8.6, 11.85, 0.0138, 11.86),
    (332, 'Dam', 8.24, 10.96, 0.0057, 10.96),
    (333, 'Dam', 6.55, 8.26, 0.0076, 8.27),
    (334, 'Dam', 7, 8.41, 0.0241, 8.44),
    (335, 'Dam', 6.44, 8.85, 0.0178, 8.87),
    (336, 'Dam', 7.16, 11.97, 0.0186, 11.99),
    (337, 'Dam', 7.54, 11.25, 0.0208, 11.27),
    (338, 'Dam', 6.36, 6.66, 0.0055, 6.67),
    (339, 'Dam', 8.04, 7.83, 0.0074, 7.84),
    (340, 'Dam', 6.86, 10.13, 0.0194, 10.15),
    (341, 'Dam', 6.26, 10.01, 0.0107, 10.02),
    (342, 'Dam', 8.52, 9.54, 0.0047, 9.55),
    (343, 'Dam', 8.14, 7.63, 0.0121, 7.65),
    (344, 'Dam', 8.14, 8.9, 0.0062, 8.91),
    (345, 'Dam', 6.39, 7.78, 0.0237, 7.81),
    (346, 'Dam', 6.09, 9.14, 0.0153, 9.16),
    (347, 'Dam', 8.7, 9.79, 0.0238, 9.81),
    (348, 'Dam', 6.85, 8.84, 0.0076, 8.84),
    (349, 'Dam', 7.28, 10.43, 0.0145, 10.45),
    (350, 'Dam', 7.26, 11.38, 0.0042, 11.38),
    (351, 'Dam', 8.78, 8.38, 0.0158, 8.4),
    (352, 'Dam', 8.82, 9.86, 0.0203, 9.88),
    (353, 'Dam', 8.08, 9.58, 0.0262, 9.61),
    (354, 'Dam', 8.89, 9.7, 0.0061, 9.7),
    (355, 'Dam', 6.51, 11.51, 0.0174, 11.53),
    (356, 'Danau', 6.89, 11.22, 0.0056, 11.22),
    (357, 'Danau', 7.02, 7.67, 0.0058, 7.68),
    (358, 'Embung', 8.14, 7.24, 0.0113, 7.25),
    (359, 'Embung', 6.58, 10.11, 0.0133, 10.12),
    (360, 'Embung', 6.58, 11.94, 0.0153, 11.96),
    (361, 'Embung', 6.52, 8.24, 0.0202, 8.26),
    (362, 'Embung', 8.64, 11.91, 0.0217, 11.93),
    (363, 'Embung', 8.51, 10.05, 0.0061, 10.06),
    (364, 'Embung', 7.9, 6.35, 0.0229, 6.37),
    (365, 'Embung', 7.72, 9.34, 0.007, 9.34),
    (366, 'Embung', 6.72, 11.46, 0.0097, 11.47),
    (367, 'Embung', 8.66, 10.57, 0.0058, 10.57),
    (368, 'Embung', 8.43, 9.6, 0.0259, 9.63),
    (369, 'Embung', 6.8, 11.97, 0.0123, 11.98),
    (370, 'Embung', 7.05, 7.29, 0.0086, 7.29),
    (371, 'Embung', 7.18, 6.88, 0.0117, 6.89),
    (372, 'Embung', 8.91, 7.91, 0.025, 7.94),
    (373, 'Embung', 6.61, 8.96, 0.0208, 8.98),
    (374, 'Embung', 7.72, 11.84, 0.0104, 11.85),
    (375, 'Embung', 8.19, 11.12, 0.0247, 11.15),
    (376, 'Embung', 8.9, 9.55, 0.0027, 9.55),
    (377, 'Embung', 7.16, 10.36, 0.0262, 10.38),
    (378, 'Embung', 6.61, 9.84, 0.0111, 9.85),
    (379, 'Embung', 8.82, 8.3, 0.0255, 8.32),
    (380, 'Embung', 6.05, 7.77, 0.0073, 7.78),
    (381, 'Embung', 7.27, 9.95, 0.0105, 9.96),
    (382, 'Embung', 7.74, 9.97, 0.0171, 9.99),
    (383, 'Embung', 8.09, 10.66, 0.0201, 10.68),
    (384, 'Embung', 7.91, 10.39, 0.0276, 10.42),
    (385, 'Embung', 8.25, 11.95, 0.0157, 11.96),
    (386, 'Embung', 8.81, 10.82, 0.0203, 10.85),
    (387, 'Embung', 7.37, 11.44, 0.0213, 11.46),
    (388, 'Embung', 6.12, 6.27, 0.0062, 6.27),
    (389, 'Embung', 7.15, 11.25, 0.0148, 11.26),
    (390, 'Embung', 7.2, 9.61, 0.027, 9.64),
    (391, 'Embung', 6.47, 6.27, 0.0062, 6.27),
    (392, 'Embung', 6.24, 10.58, 0.0225, 10.6),
    (393, 'Embung', 7.06, 11.78, 0.0145, 11.79),
    (394, 'Embung', 7.85, 9.34, 0.0099, 9.35),
    (395, 'Embung', 6.03, 8.71, 0.0041, 8.71),
    (396, 'Embung', 6.84, 9.11, 0.005, 9.12),
    (397, 'Embung', 7.8, 11.07, 0.0145, 11.09),
    (398, 'Embung', 6.05, 9.85, 0.0249, 9.87),
    (399, 'Embung', 6.45, 11.29, 0.0118, 11.3),
    (400, 'Embung', 8.07, 11.21, 0.0054, 11.22),
    (401, 'Embung', 7.26, 8.32, 0.0131, 8.34),
    (402, 'Embung', 7.76, 11.96, 0.014, 11.97),
    (403, 'Embung', 7.18, 9.53, 0.0072, 9.53),
    (404, 'Embung', 6.28, 11.37, 0.0153, 11.38),
    (405, 'Embung', 6.06, 9.96, 0.0223, 9.98),
    (406, 'Embung', 7.67, 9.57, 0.0131, 9.58),
    (407, 'Embung', 8.82, 9.48, 0.0238, 9.51),
    (408, 'Embung', 7.46, 8.2, 0.0256, 8.22),
    (409, 'Embung', 8.9, 11.25, 0.0164, 11.27),
    (410, 'Embung', 7.5, 7.82, 0.0025, 7.82),
    (411, 'Embung', 6.19, 10.62, 0.0246, 10.64),
    (412, 'Embung', 7.88, 10.33, 0.0144, 10.35),
    (413, 'Embung', 8.72, 10.15, 0.0195, 10.17),
    (414, 'Embung', 6.71, 10.71, 0.0224, 10.74),
    (415, 'Embung', 7.38, 11.3, 0.0099, 11.31),
    (416, 'Embung', 8.16, 10.08, 0.0251, 10.1),
    (417, 'Embung', 7.81, 7.19, 0.0124, 7.21),
    (418, 'Embung', 8.19, 7.55, 0.0235, 7.57),
    (419, 'Embung', 7.35, 11.27, 0.0265, 11.3),
    (420, 'Embung', 8.01, 6.34, 0.0048, 6.34),
    (421, 'Embung', 6.79, 10.94, 0.028, 10.97),
    (422, 'Embung', 7.94, 11.44, 0.0026, 11.44),
    (423, 'Irigasi', 8.57, 11.99, 0.0064, 11.99),
    (424, 'Irigasi', 8.87, 11.52, 0.0231, 11.54),
    (425, 'Waduk', 8.74, 11.37, 0.0256, 11.4),
    (426, 'Kolam', 7.19, 7.68, 0.0067, 7.68),
    (427, 'Kolam', 6.89, 11.02, 0.0208, 11.04),
    (428, 'Lapen', 7.81, 6.09, 0.0089, 6.1),
    (429, 'Situ', 8.03, 7.28, 0.0104, 7.29),
    (430, 'Waduk', 6.68, 11.4, 0.0156, 11.42),
    (431, 'Waduk', 7.67, 9.32, 0.0085, 9.33),
    (432, 'Waduk', 6.24, 7.6, 0.0159, 7.61),
    (433, 'Waduk', 8.57, 9.73, 0.0122, 9.74),
    (434, 'Waduk', 6.47, 7.63, 0.0112, 7.64),
    (435, 'Waduk', 6.57, 8.89, 0.0076, 8.9),
    (436, 'Waduk', 7.97, 7.76, 0.0176, 7.78),
    (437, 'Waduk', 7.9, 9.04, 0.0216, 9.06),
    (438, 'Waduk', 6.9, 8.7, 0.024, 8.72),
    (439, 'Waduk', 8.43, 8.52, 0.0187, 8.54),
    (440, 'Waduk', 6.34, 10.18, 0.0269, 10.21),
    (441, 'Waduk', 6.04, 10.19, 0.0143, 10.21),
    (442, 'Waduk', 8.43, 9.98, 0.0048, 9.98),
    (443, 'Waduk', 6.74, 8.23, 0.0078, 8.24),
    (444, 'Waduk', 6.46, 11.76, 0.017, 11.77),
    (445, 'Waduk', 7.22, 10.3, 0.0215, 10.32),
    (446, 'Waduk', 6.16, 6.01, 0.0254, 6.04),
    (447, 'Waduk', 7.3, 9.64, 0.0249, 9.66),
    (448, 'Waduk', 8.04, 11.78, 0.0268, 11.8),
    (449, 'Waduk', 8.73, 7.57, 0.0088, 7.58),
    (450, 'Waduk', 8.84, 11.75, 0.0096, 11.76),
    (451, 'Waduk', 6.34, 9.67, 0.0076, 9.68),
    (452, 'Waduk', 7.17, 8.19, 0.0136, 8.2),
    (453, 'Waduk', 8.4, 9.21, 0.0046, 9.22),
    (454, 'Waduk', 6.46, 11.25, 0.0098, 11.26),
    (455, 'Waduk', 6.79, 9.69, 0.0047, 9.7),
    (456, 'Waduk', 8.52, 9.43, 0.012, 9.44),
    (457, 'Waduk', 6.74, 10.88, 0.0161, 10.9),
    (458, 'Waduk', 6.38, 11.42, 0.0102, 11.43),
    (459, 'Waduk', 8.4, 10.58, 0.0203, 10.6),
    (460, 'Waduk', 6.53, 10.02, 0.0214, 10.04),
    (461, 'Waduk', 6.06, 10.97, 0.0217, 10.99),
    (462, 'Waduk', 6.4, 9.88, 0.0151, 9.9),
    (463, 'Waduk', 7.87, 10.91, 0.0143, 10.93),
    (464, 'Waduk', 6.86, 11.41, 0.0038, 11.41),
    (465, 'Waduk', 6.73, 7.1, 0.0159, 7.12),
    (466, 'Waduk', 6.81, 11.7, 0.0226, 11.72),
    (467, 'Waduk', 7.36, 11.89, 0.0177, 11.91),
    (468, 'Waduk', 6.96, 9.8, 0.0108, 9.81),
    (469, 'Sungai', 6.41, 7.21, 0.0147, 7.23),
    (470, 'Danau', 8.69, 8.63, 0.0042, 8.63),
    (471, 'Danau', 6.06, 8.97, 0.013, 8.98),
    (472, 'Danau', 8.76, 8.81, 0.0116, 8.82),
    (473, 'Danau', 6.52, 9.94, 0.0081, 9.95),
    (474, 'Danau', 8.57, 8.73, 0.0044, 8.73),
    (475, 'Waduk', 7.85, 11.15, 0.0138, 11.16),
    (476, 'Sungai', 6.18, 8.89, 0.0148, 8.91),
    (477, 'Waduk', 7.19, 11.6, 0.0113, 11.61),
    (478, 'Sungai', 6.3, 10.44, 0.005, 10.44),
    (479, 'Sungai', 8.6, 10.35, 0.0133, 10.36),
    (480, 'Waduk', 8.08, 11.08, 0.0117, 11.09),
    (481, 'Danau', 7.14, 9.35, 0.0287, 9.37),
    (482, 'Sungai', 8.63, 11.25, 0.0249, 11.27),
    (483, 'Sungai', 6.22, 8.32, 0.0201, 8.34),
    (484, 'Sungai', 7.58, 9.06, 0.0266, 9.09),
    (485, 'Sungai', 8.9, 10.9, 0.0216, 10.92),
    (486, 'Danau', 6.48, 11.43, 0.0239, 11.46),
    (487, 'Danau', 8.75, 11.72, 0.0102, 11.73),
    (488, 'Sungai', 7.16, 9.79, 0.0061, 9.8),
    (489, 'Sungai', 7.49, 11.01, 0.0159, 11.02),
    (490, 'Sungai', 7.09, 8.49, 0.0053, 8.49),
    (491, 'Sungai', 8.36, 11.63, 0.0174, 11.65),
    (492, 'Sungai', 7.17, 9.86, 0.0057, 9.87),
    (493, 'Sungai', 8.7, 11.95, 0.0138, 11.96),
    (494, 'Sungai', 6.65, 9.65, 0.0238, 9.68),
    (495, 'Sungai', 6.16, 11.8, 0.0067, 11.8);

INSERT INTO 
    IZIN_USAHA (
        NamaIzin, JenisIzin
    )
VALUES
    ('Pemanfaatan Hasil Hutan Alam','Perhutanan'),
    ('Pemanfaatan Hasil Hutan Tanaman Industri','Perhutanan'),
    ('Pemanfaatan Hasil Hutan Restorasi Ekosistem','Perhutanan'),
    ('Budidaya Perkebunan','Perkebunan'),
    ('Pengeksploitasian Minyak dan Gas','Pengeboran'),
    ('Izin Usaha Pertambangan','Pertambangan'),
    ('Izin Usaha Pertambangan Khusus','Pertambangan'),
    ('Pengusahaan Sumber Daya Air','Perairan');

INSERT INTO
    PERUSAHAAN (
        Nama, Pemilik, Website,
        Email, KotaKantorPusat
    )
VALUES
    ('Adaro Indonesia', 'Negeri', 'adaro.com', 'adarojkt@attglobal.net', 'Jakarta'),
    ('Baramulti Suksessarana', 'Negeri', 'bssr.co.id', 'corsec@bssr.co.id', 'Samarinda'),
    ('Bumi Resources', 'Swasta', 'bumiresources.com', 'service@bumiresources.com', 'Jakarta'),
    ('Darma Henwa', 'Negeri', 'ptdh.co.id', 'corporate.secretary@ptdh.co.id', 'Jakarta'),
    ('Delta Dunia Makmur', 'Negeri', 'deltadunia.com', 'cs@deltadunia.com', 'Jakarta'),
    ('Dian Swastatika Sentosa', 'Negeri', 'dss.co.id', 'corsec@dss.co.id', 'Jakarta'),
    ('Alfa Energi Investama', 'Swasta', 'alfacentra.com', 'corsec@alfacentra.com', 'Jakarta'),
    ('Golden Energy Mines', 'Negeri', 'goldenenergymines.com', 'corsec@goldenenergymines.com', 'Jakarta'),
    ('Harum Energy', 'Negeri', 'harumenergy.com', 'corsec@harumenergy.com', 'Jakarta'),
    ('Indika Energy', 'Negeri', 'indikaenergy.co.id', 'info@indikaenergy.co.id', 'Jakarta'),
    ('Indo Tambangraya Megah', 'Swasta', 'itmg.co.id', 'indotambang@banpuindo.co.id', 'Jakarta'),
    ('Resource Alam Indonesia', 'Negeri', 'raintbk.com', 'cs@rainbtk.com', 'Jakarta'),
    ('Mitrabara Adiperdana', 'Negeri', 'mitrabaraadiperdana.co.id', 'corsec', 'Jakarta'),
    ('Samindo Resources', 'Swasta', 'samindoresources.com', 'admin@samindoresources.com', 'Jakarta'),
    ('Bukit Asam', 'Negeri', 'ptba.co.id', 'corsec@bukitasam.co.id', 'Tanjung Enim'),
    ('Petrosea', 'Negeri', 'petrosea.com', 'info@petrosea.com', 'Tangerang'),
    ('Golden Eagle Energy', 'Negeri', 'go-eagle.co.id', 'contact@go-eagle.co.id', 'Jakarta'),
    ('SMR Utama', 'Swasta', 'smrutama.com', 'contact@smrutama.com', 'Jakarta Barat'),
    ('TBS Energi Utama', 'Negeri', 'tbsenergi.com', 'corsec@tobabara.com', 'Jakarta'),
    ('Antam Resourcindo', 'Negeri', 'antamindo.com', 'customercare@antamindo.com' , 'Jakarta'),
    ('Semesta Mandiri Indonesia', 'Negeri', 'semindo.com', 'customercare@semindo.com', 'Surabaya'),
    ('Apexindo Pratama Duta', 'Negeri', 'apexindo.com', 'info@apexindo.com', 'Jakarta'),
    ('Ratu Prabu Energi', 'Negeri', 'ratuprabuenergi.com', 'corsec@ratuprabuenergi.com', 'Jakarta Selatan'),
    ('Astroindo Nusantara Infrastruktur', 'Negeri', 'astrindonusantara.com', 'corsec@astrindonusantara.com', 'Jakarta'),
    ('Elnusa', 'Negeri', 'elnusa.co.id', 'corporate@elnusa.co.id', 'Jakarta'),
    ('Energi Mega Persada', 'Negeri', 'emp.id', 'info@emp.id', 'Jakarta Selatan'),
    ('Medco Energi Internasioanl', 'Negeri', 'medcoenergi.com', 'info@medcoenergi.com', 'Jakarta'),
    ('Perdana Karya Perkasa', 'Negeri', 'pkpk-tbk.co.id', 'corsec@pkpk-tbk.co.id', 'Samarinda'),
    ('Super Energy', 'Negeri', 'superenergy.co.id', 'secretary@superenergi.com', 'Jakarta Selatan'),
    ('Ginting Jaya Energi', 'Negeri', 'gj-energi.co.id', 'corsec@gj-energy.co.id', 'Banyuasin'),
    ('Aneka Tambang', 'Negeri', 'antam.com', 'corsec@antam.com', 'Tanjung Barat'),
    ('Bumi Resources Minerals', 'Negeri', 'bumiresourcesminerals.com', 'corporate.secretary@brm.co.id', 'Jakarta Selatan'),
    ('Cita Mineral Investindo', 'Negeri', 'citamineral.com', 'corsec@citamineral.com', 'Jakarta Pusat'),
    ('Vale Indonesia', 'Negeri', 'vale.com', 'ptvi-corpsec@vale.com', 'Jakarta'), --SITUS AIR
    ('Merdeka Copper Gold', 'Negeri', 'merdekacoppergold.com', 'corporate.secretary@merdekacoppergold.com', 'Jakarta'),
    ('Kapuas Prima Coal', 'Negeri', 'kapuasprima.co.id', 'info@kapuasprima.co.id', 'Jakarta Utara'),
    ('Anugerah Pratama Inspirasi', 'Swasta', 'anugerahpratamasejahtera.blogspot.com', 'contact@asakaryagroup.com', 'Jakarta Selatan'),
    ('Suka Jaya Makmur', 'Swasta', 'pt-sjm.com', 'marketingalasjkt@gmail.com', 'Jakarta Pusat'),
    ('Sari Bumi Kusuma', 'Swasta', 'saribumikusuma.id', 'phcab@gmail.com', 'Pontianak'),
    ('Triwiraasta Bharata', 'Swasta', 'triwiraasta-bharata.com', 'admin.triwirasta@yahoo.com', 'Samarinda'),
    ('Ratah Timber', 'Swasta', 'ratah.co.id', 'info@ratah.co.id', 'Samarinda'),
    ('Bina Balantak Utama', 'Swasta', 'binabalantak.com', 'prckli@yahoo.com', 'Sorong'),
    ('Telagabakti Persada', 'Swasta', 'telagabakti.com', 'pcrkli@yahoo.com', 'Ternate'),
    ('Sarana Tri Rasa Bhakti', 'Swasta', 'trirasa.co.id', 'info.trirasabhakti@yahoo.com', 'Jakarta'),
    ('Elbana Abadi Jaya', 'Swasta', 'elbanajaya.my.id', 'cs.elbana@yahoo.com', 'Tanjung Tabalong'),
    ('Bajradaya Sentranusa', 'Swasta', 'bajradaya.com', 'info@bajradaya.com', 'Jakarta'),
    ('Perum Jasa Tirta II', 'Swasta', 'jasatirta2.co.id', 'pjt2@jasatirta.co.id', 'Purwakarta'),
    ('Toya Arta Sejahtera', 'Swasta', 'en.toyaartasejahtera.co.id', 'toyoartasejahtera@yahoo.co.id', 'Bogor'),
    ('Citatah', 'Negeri', 'citatah.co.id', 'marketing@citatah.co.id', 'Jakarta'),
    ('Sawit Sumbermas Sarana', 'Swasta', 'ssms.co.id', 'corporate@ssms.co.id', 'Pangkalan Bun'),
    ('Jaya Agra Wattie', 'Swasta', 'jawattie.com', 'info@jawattie.com', 'Jakarta'),
    ('Dharma Satya Nusantara', 'Swasta', 'dsn.co.id', 'info@dsngroup.co.id', 'Jakarta'),
    ('Andira Agro', 'Swasta', 'andiraagro.com', 'corpsec@andiraagro.com', 'Jakarta Timur'),
    ('Bakrie Sumatera Plantations', 'Swasta', 'bakriesumatera.com', 'investor@bakriesumatera.com', 'Medan'),
    ('FAP Agri', 'Swasta', 'fap-agri.com', 'corp.secretary@fap-agri.com', 'Jakarta Utara'),
    ('Perkebunan Nusantara III', 'Negeri', 'ptpn3.co.id', 'biro@ptpn3.com', 'Medan'),
    ('Toarco Jaya', 'Swasta', 'toarco.com', 'info@toarco.com', 'Jakarta'),
    ('Perkebunan Nusantara IV', 'Negeri', 'ptpn4.co.id', 'ptpnusantara4@ptpn4.co.id', 'Medan'),
    ('Perkebunan Nusantara VI', 'Negeri', 'ptpn6.co.id', 'sekretariat@ptpn6.com', 'Jambi'),
    ('Kirana Megatara', 'Swasta', 'kiranamegatara.com', 'corporate@kiranamegatara.com', 'Jakarta'),
    ('Asia Karet', 'Swasta', 'asiakaret.com', 'csc@asiakaret.com', 'Medan'),
    ('Brantas Mulia', 'Swasta', 'id75369-brantas-mulia-pt.contact.page', 'cs.brantasmulia@yahoo.com', 'Surabaya'),
    ('Dein Indonesia', 'Swasta', 'deinindonesia.co.id', 'marketing@deinindonesia.co.id', 'Serang'),
    ('Darmasindo Intikaret', 'Swasta', 'darmasindo.co.id', 'sbx@darmasindo.co.id', 'Medan'),
    ('Pertamina Patra Niaga', 'Negeri', 'pertaminapatraniaga.com', 'info.ppn@pertamina.com', 'Jakarta Selatan'),
    ('Bumimerak Terminalindo', 'Negeri', 'pplbi.or.id', 'swijaya@bmt-storage.com', 'Jakarta Barat'),
    ('Laban Raya Cakrawala', 'Negeri', 'labanraya.com', 'info.cakrawala@labanraya.com', 'Surabaya'),
    ('Samudra Energi Niaga', 'Negeri', 'samudraenerginiaga.com', 'admin@samudraenerginiaga.com', 'Semarang'),
    ('Petro Perkasa Indonesia', 'Negeri', 'petroperkasaindonesia.com', 'cs@pt-ppi.com', 'Balikpapan'),
    ('Petro Artha Indo', 'Negeri', 'en.petroarthaindo.web.indotrading.com', 'admin@petroarthaindo.com', 'Palembang'),
    ('Duta Bahari Menara Lines', 'Negeri', 'ptdml.com', 'pemasaran@ptdml.com', 'Banjarmasin'),
    ('Palaran Indah Lestari', 'Negeri', 'palaranlestarigroup.com', 'marketing@palaranlestarigroup.com', 'Samarinda'),
    ('Cosmic Indonesia', 'Negeri', 'pt_cosmic_indonesia.indonetwork.co.id', 'support@indonetwork.co.id', 'Batam'),
    ('Astiku Sakti', 'Negeri', 'astikusakti.com', 'csc@astikusakti.com', 'Balikpapan'),
    ('Jagad Energy', 'Negeri', 'jadaggroup.net', 'info@jagadgroup.net', 'Batam');

INSERT INTO 
    KERJASAMA (
        JenisKerjaSama
    )
VALUES
    ('Merger'),
    ('Konsolidasi'),
    ('Joint Venture'),
    ('Waralaba');

INSERT INTO 
    PEMBANGKIT_LISTRIK (
        NamaInstalasi, KapasitasProd,
        KdSitusAir, KdPerusahaan
    )
VALUES
    ('Peusangan', 86.6, 493, 47),
    ('Sipansihaporas', 60, 488, 47),
    ('Asahan I', 180, 492, 47),
    ('Sigura-gura', 286, 490, 47),
    ('Tangga', 317, 491, 47),
    ('Batang Agam', 10.5, 484, 47),
    ('Maninjau', 68, 485, 46),
    ('Singkarak', 175, 486, 47),
    ('Tes', 16, 481, 46),
    ('Musi', 210, 495, 47),
    ('Koto Panjang', 114, 478, 47),
    ('Besai', 90, 473, 47),
    ('Batutegi', 28, 476, 46),
    ('Ubrug', 17.1, 37, 48),
    ('Bengkok', 3.85, 102, 46),
    ('Cikalong', 19.2, 15, 47),
    ('Saguling', 700, 134, 48),
    ('Jatiluhur', 175, 425, 48),
    ('Lamajan', 19.2, 426, 46),
    ('Parakan Kondang', 9.92, 106, 48),
    ('Plengan', 6, 276, 48),
    ('Cirata', 1008, 440, 48),
    ('Jelok', 20.48, 74, 48),
    ('Timo', 12, 82, 46),
    ('Ketenger', 7.04, 174, 46),
    ('Gajah Mungkur', 12.4, 480, 46),
    ('Sempor', 25, 477, 47),
    ('Pejengkolan', 30, 60, 48),
    ('Wadaslintang', 16.4, 142, 47),
    ('Garung', 26.4, 236, 48),
    ('Mrica', 184.5, 462, 47),
    ('Kedung Ombo', 23, 178, 48),
    ('Sidorejo', 1.4, 464, 46),
    ('Klambu', 1.1, 244, 48),
    ('Mendalan', 5.8, 81, 48),
    ('Siman', 3.6, 145, 47),
    ('Giringan', 3, 154, 48),
    ('Selorejo', 4.48, 135, 48),
    ('Karangkates', 105, 451, 46),
    ('Wlingi', 54, 100, 46),
    ('Lodoyo', 4.5, 201, 48),
    ('Sengguruh', 29, 457, 48),
    ('Tulung Agung', 46, 206, 47),
    ('Tulis', 14, 351, 48),
    ('Sutami', 281, 460, 46),
    ('Riam Kanan', 30, 475, 47),
    ('Tonsea Lama', 14.38, 103, 48),
    ('Tanggari I', 17.2, 119, 46),
    ('Tanggari II', 19, 141, 47),
    ('Larona', 165, 305, 47),
    ('Balambano', 130, 124, 47),
    ('Sulewana-Poso I', 160, 469, 48),
    ('Sulewana-Poso II', 195, 470, 46),
    ('Sulewana-Poso III', 400, 471, 46);

INSERT INTO 
    INSTALASI_PENGOLAHAN_AIR (
        NamaInstalasi, KdPerusahaan, KdSitusAir
    )
VALUES
    ('Jatiroto', 48, 317),
    ('Kutoarjo', 47, 74),
    ('Cluwak', 47, 46),
    ('Jatibanteng', 48, 184),
    ('Wera', 47, 296),
    ('Janapria', 48, 378),
    ('Jalancagak', 47, 158),
    ('Ngantang', 46, 135),
    ('Girimarto', 48, 327),
    ('Toroh', 46, 442),
    ('Keo Tengah', 46, 291),
    ('Melaya', 48, 468),
    ('Batukliang Utara', 47, 371),
    ('Karangsambung', 46, 28),
    ('Jepara', 48, 261),
    ('Bumiaji', 46, 460),
    ('Kertasari', 48, 143),
    ('Kepanjen', 48, 277),
    ('Ngadirojo', 48, 343),
    ('Kerambitan', 47, 112),
    ('Kopang', 47, 385),
    ('Kalibaru', 48, 219),
    ('Praya Tengah', 47, 406),
    ('Manggalewa', 47, 372),
    ('Gesi', 46, 444),
    ('Manggalewa', 48, 47),
    ('Jatisrono', 46, 270),
    ('Jambesari Darus Sholah', 48, 253),
    ('Puncu', 47, 172),
    ('Palibelo', 47, 150),
    ('Rangkasbitung', 47, 187),
    ('Sampung', 46, 171),
    ('Terara', 48, 393),
    ('Danau Kembar', 46, 487),
    ('Janapria', 46, 382),
    ('Karanganyar', 46, 456),
    ('Talun', 46, 100),
    ('Mojogedang', 47, 258),
    ('Todanan', 47, 166),
    ('Tasikmadu', 47, 259);

INSERT INTO
    PRODUK_PERHUTANAN (
        NamaProduk,
        NamaIlmiah, JenisPerhutanan
    )
VALUES
    ('Akasia', 'Acacia', 'Kayu'),
    ('Ekaliptus', 'Eucalyptus', 'Kayu'),
    ('Sengon/Albasia', 'Albizzia falcataria', 'Kayu'),
    ('Meranti', 'Shorea spp.', 'Kayu'),
    ('Rimba Campuran', NULL, 'Kayu'),
    ('Jati', 'Tectona grandis', 'Kayu'),
    ('Merbau', 'Intsia spp.', 'Kayu'),
    ('Kruing', 'Dipterocarpus borneensis', 'Kayu'),
    ('Mahoni', 'Swietenia mahagoni', 'Kayu'),
    ('Bangkirai', 'Shorea laevis', 'Kayu'),
    ('Pinus', 'Pinus sylvestris', 'Kayu'),
    ('Kapur', 'Dryobalanops spp.', 'Kayu'),
    ('Jambu - Jambu', 'Syzygium spp.', 'Kayu'),
    ('Mersawa', 'Anisoptera marginata', 'Kayu'),
    ('Jati Putih', 'Gmelina arborea', 'Kayu'),
    ('Nyatoh', 'Palaquium spp.', 'Kayu'),
    ('Balau', 'Shorea spp.', 'Kayu'),
    ('Medang', 'Cinnamomum spp.', 'Kayu'),
    ('Bintangur', 'Calophyllum spp.', 'Kayu'),
    ('Benuang', 'Octomeles sumatrana', 'Kayu'),
    ('Matoa', 'Pometia spp.', 'Kayu'),
    ('Sonokeling', 'Dalbergia latifolia', 'Kayu'),
    ('Indah', NULL, 'Kayu'),
    ('Damar', 'Agathis dammara', 'Kayu'),
    ('Resak', 'Vatica spp.', 'Kayu'),
    ('Ketapang', 'Terminalia catappa', 'Kayu'),
    ('Merawan', 'Hopea spp.', 'Kayu'),
    ('Palapi', 'Heritiera spp.', 'Kayu'),
    ('Mendarahan', 'Myristica spp.', 'Kayu'),
    ('Kenari', 'Canarium spp.', 'Kayu'),
    ('Mindi', 'Melia azedarach', 'Kayu'),
    ('Waru', 'Hibiscus tiliaceus', 'Kayu'),
    ('Bakau', 'Rhizophora spp.', 'Kayu'),
    ('Kedondong Hutan', 'Spondias spp.', 'Kayu'),
    ('Gerunggung', 'Cratoxylum spp.', 'Kayu'),
    ('Bipa', 'Pterygota spp.', 'Kayu'),
    ('Jabon', 'Neolamarckia cadamba', 'Kayu'),
    ('Suren', 'Toona sureni', 'Kayu'),
    ('Kempas', 'Koompassia malaccensis', 'Kayu'),
    ('Bugis', 'Koordersiodendron pinnatum', 'Kayu'),
    ('Lara', 'Metrosideros spp.', 'Kayu'),
    ('Terap', 'Artocarpus spp.', 'Kayu'),
    ('Mentibu', 'Dactylocladus stenostachys', 'Kayu'),
    ('Balsa', 'Ochroma pyramidale', 'Kayu'),
    ('Cempaka', 'Michelia sp.', 'Kayu'),
    ('Perupuk', 'Lophopetalum javanicum', 'Kayu'),
    ('Sarangan Batu', 'Castanopsis argentea', 'Kayu'),
    ('Pulai', 'Alstonia spp.', 'Kayu'),
    ('Rasamala', 'Altingia excelsa', 'Kayu'),
    ('Puspa', 'Schima spp.', 'Kayu'),
    ('Torem', 'Eusideroxylon zwageri', 'Kayu'),
    ('Johar', 'Casia siamea', 'Kayu'),
    ('Kemiri', 'Aleurites moluccanus', 'Kayu'),
    ('Bayur', 'Pterospermum javanicum', 'Kayu'),
    ('Duabanga', 'Duabanga moluccana BI', 'Kayu'),
    ('Cendana', 'Santalum album L.', 'Kayu'),
    ('Simpur', 'Dillenia spp.', 'Kayu'),
    ('Tenggayun', 'Parartocarpus spp.', 'Kayu'),
    ('Ulin', 'Eusideroxylon zwageri', 'Kayu'),
    ('Terentang', 'Campnosperma spp.', 'Kayu'),
    ('Tanjung', 'Mimusops elengi', 'Kayu'),
    ('Semangkok', 'Scaphium macropodum', 'Kayu'),
    ('Jelutung', 'Dyera spp.', 'Kayu'),
    ('Eboni', 'Diospyros celebica', 'Kayu'),
    ('Afrika', 'Maesopsis eminii', 'Kayu'),
    ('Kutat', 'Planchonia valida BI', 'Kayu'),
    ('Nangka', 'Artocarpus heterophyllus', 'Kayu'),
    ('Rengas Tembaga', 'Gluta aptera', 'Kayu'),
    ('Lancat', 'Mastixiodendron spp.', 'Kayu'),
    ('Gelam', 'Melaleuca leucadendra', 'Kayu'),
    ('Salam', 'Syzygium polyanthum', 'Kayu'),
    ('Dara-dara', 'Knema spp.', 'Kayu'),
    ('Trembesi', 'Albizia saman', 'Kayu'),
    ('Mempisang', 'Mezzetia parviflora', 'Kayu'),
    ('Mahang', 'Macaranga spp.', 'Kayu'),
    ('Sonokembang', 'Pterocarpus indicus', 'Kayu'),
    ('Kenanga', 'Cananga sp.', 'Kayu'),
    ('Banitan', 'Kandelia candel', 'Kayu'),
    ('Malapari', 'Pometia pinnata', 'Kayu'),
    ('Keranji', 'Dialium spp.', 'Kayu'),
    ('Sesendok', 'Endospermum spp.', 'Kayu'),
    ('Sindur', 'Sindora spp.', 'Kayu'),
    ('Punak', 'Tetramerista glabra', 'Kayu'),
    ('Berumbung', 'Adina minutiflora', 'Kayu'),
    ('Melur', 'Podocarpus spp.', 'Kayu'),
    ('Pelawan', 'Tristaniopsis merguensis Griff.', 'Kayu'),
    ('Durian', 'Durio spp.', 'Kayu'),
    ('Bambu', NULL, 'Non Kayu'),
    ('Gula Aren', NULL, 'Non Kayu'),
    ('Rotan', NULL, 'Non Kayu'),
    ('Madu', NULL, 'Non Kayu'),
    ('Sagu', NULL, 'Non Kayu'),
    ('Getah Pinus', NULL, 'Non Kayu'),
    ('Gaharu', 'Aquilaria malaccensis', 'Non Kayu'),
    ('Daun Kayu Putih', NULL, 'Non Kayu'),
    ('Gondorukem', NULL, 'Non Kayu'),
    ('Jamur', NULL, 'Non Kayu'),
    ('Minyak Kayu Putih', NULL, 'Non Kayu'),
    ('Terpentin', NULL, 'Non Kayu'),
    ('Durian (buah)', NULL, 'Non Kayu'),
    ('Empon-Empon', NULL, 'Non Kayu'),
    ('Asam', NULL, 'Non Kayu'),
    ('Getah Damar', NULL, 'Non Kayu'),
    ('Kopal', NULL, 'Non Kayu'),
    ('Kulit Masohi', NULL, 'Non Kayu'),
    ('Kemiri', 'Aleurites moluccanus', 'Non Kayu'),
    ('Rebung', NULL, 'Non Kayu'),
    ('Pandan', NULL, 'Non Kayu'),
    ('Arang', NULL, 'Non Kayu'),
    ('Sarang Burung Walet', NULL, 'Non Kayu'),
    ('Seed Lak', NULL, 'Non Kayu'),
    ('Kayu Manis', NULL, 'Non Kayu'),
    ('Resin Gaharu', NULL, 'Non Kayu'),
    ('Serat Sutera', NULL, 'Non Kayu'),
    ('Getah Jernang', NULL, 'Non Kayu');

INSERT INTO
    PRODUK_PERKEBUNAN (
        NamaProduk, NamaIlmiah
    )
VALUES
    ('Kelapa Sawit','Elaeis guineensis Jacq'),
    ('Karet','Hevea brasiliensis'),
    ('Kelapa','Cocos nucifera'),
    ('Kopi','Coffea spp.'),
    ('Kakao','Theobroma spp.'),
    ('Jambu mete','Anacardium occidentale'),
    ('Cengkeh','Syzygium aromaticum'),
    ('Lada','Piper nigrum'),
    ('Teh','Camellia sinensis'),
    ('Pala','Myristica fragrans'),
    ('Sagu','Metroxylon sagu'),
    ('Tebu','Saccharum officinarum L.'),
    ('Tembakau','Nicotiana spp.'),
    ('Nilam','Pogostemon cablin Benth'),
    ('Kapas','Gossypium spp.'),
    ('Kemiri Sunan','Reutealis trisperma');

INSERT INTO
    PRODUK_PERKEBUNAN (
        NamaProduk, NamaIlmiah
    )
VALUES
    ('Melon', 'Cucumis spp.'),
    ('Durian', 'Durio spp.'),
    ('Kurma', 'P. dactylifera'),
    ('Sayur', NULL),
    ('Stroberi', 'F. x ananassa'),
    ('Kopi', 'Coffea spp.'),
    ('Sawit', 'Elaeis spp.'),
    ('Teh', 'C. sinensis'),
    ('Kakao', 'T. cacao'),
    ('Buah', NULL),
    ('Tebu', 'S. officinarum'),
    ('Karet', 'H. brasiliensis'),
    ('Hidroponik', NULL),
    ('Jambu', 'P. guajava'),
    ('Kelapa', 'Cocos spp.');


INSERT INTO 
    PRODUK_TAMBANG (
        NamaProduk, JenisTambang
    )
VALUES
    ('Batu Andesit', 'Non logam'),
    ('Batu Apung', 'Non logam'),
    ('Batu Bara', 'Non logam'),
    ('Batu Basalt', 'Non logam'),
    ('Batu Kapur', 'Non logam'),
    ('Bauksit', 'Logam'),
    ('Belerang', 'Non logam'),
    ('Hematit', 'Logam'),
    ('Magnetit', 'Logam'),
    ('Pirit', 'Logam'),
    ('Siderit', 'Logam'),
    ('Emas', 'Logam'),
    ('Fosfat', 'Non logam'),
    ('Granit', 'Non logam'),
    ('Gypsum', 'Non logam'),
    ('Intan', 'Non logam'),
    ('Kaolin', 'Logam'),
    ('Mangan', 'Logam'),
    ('Marmer', 'Non logam'),
    ('Nikel', 'Logam'),
    ('Obsidian', 'Non logam'),
    ('Pasir Besi', 'Logam'),
    ('Pasir Kuarsa', 'Non logam'),
    ('Perak', 'Logam'),
    ('Perunggu', 'Logam'),
    ('Platinum', 'Logam'),
    ('Tanah Liat', 'Non logam'),
    ('Kalkopirit', 'Logam'),
    ('Kasiterit', 'Logam'),
    ('Yodium', 'Non logam');

INSERT INTO 
    UNSUR (NamaUnsur)
VALUES
    ('Besi'),
    ('Karbon'),
    ('Mangan'),
    ('Fosfor'),
    ('Silikon'),
    ('Nikel'),
    ('Krom'),
    ('Silika'),
    ('Kuarsa'),
    ('Nitrogen'),
    ('Oksigen'),
    ('Kalsit'),
    ('Kalsium Oksida'),
    ('Plagioklas'),
    ('Ovilin'),
    ('Sulfur'),
    ('Aluminium Oksida'),
    ('Magnesium Karbonat'),
    ('Magnesium Oksida'),
    ('Natrium Oksida'),
    ('Kalium Oksida'),
    ('Dinatrium Oksida'),
    ('Rhenium Oksida'),
    ('Argentum'),
    ('Tembaga'),
    ('Timah'),
    ('Platinum'),
    ('Hematit'),
    ('Lantanum'),
    ('Yodium'),
    ('Hidrogen'),
    ('Aurum'),
    ('Difosfor Pentaoksida'),
    ('Sulfur Trioksida');

INSERT INTO
    dimanfaatkan_oleh (
        KdSitus, KdPerusahaan
    )
VALUES
    (546, 1),
    (549, 2),
    (551, 3),
    (553, 4),
    (555, 5),
    (559, 6),
    (560, 7),
    (562, 8),
    (563, 9),
    (564, 10),
    (566, 11),
    (567, 12),
    (570, 13),
    (572, 14),
    (574, 15),
    (579, 16),
    (581, 17),
    (583, 18),
    (584, 19),
    (496, 20),
    (497, 21),
    (500, 22),
    (501, 23),
    (503, 24),
    (506, 25),
    (508, 26),
    (509, 27),
    (510, 28),
    (512, 29),
    (515, 30),
    (585, 31),
    (588, 32),
    (591, 33),
    (592, 34),
    (595, 35),
    (597, 36),
    (601, 37),
    (602, 38),
    (610, 39),
    (614, 40),
    (639, 41),
    (641, 42),
    (651, 43),
    (652, 44),
    (667, 45),
    (1, 46),
    (150, 47),
    (276, 48),
    (600, 49),
    (677, 50),
    (678, 51),
    (680, 52),
    (682, 53),
    (684, 54),
    (686, 55),
    (688, 56),
    (689, 57),
    (691, 58),
    (692, 59),
    (693, 60),
    (695, 61),
    (696, 62),
    (697, 63),
    (698, 64),
    (517, 65),
    (520, 66),
    (521, 67),
    (522, 68),
    (524, 69),
    (525, 70),
    (528, 71),
    (530, 72),
    (533, 73),
    (536, 74),
    (538, 75);

INSERT INTO
    dimiliki_oleh (
        KdPerusahaan, KdIzin,
        NoIzin, MasaBerlakuHari, TanggalDiperoleh
    )
VALUES
    (1, 6, 'IZIN/1/IUP/2/2018', 1825, '2018-2-10'),
    (2, 6, 'IZIN/2/IUP/11/2018', 1825, '2018-11-8'),
    (3, 6, 'IZIN/3/IUP/4/2013', 1825, '2013-4-26'),
    (4, 7, 'IZIN/4/IUP-K/9/2013', 2555, '2013-9-2'),
    (5, 6, 'IZIN/5/IUP/4/2014', 1825, '2014-4-29'),
    (6, 7, 'IZIN/6/IUP-K/1/2015', 2920, '2015-1-4'),
    (7, 6, 'IZIN/7/IUP/9/2018', 1825, '2018-9-22'),
    (8, 7, 'IZIN/8/IUP-K/2/2016', 2920, '2016-2-1'),
    (9, 7, 'IZIN/9/IUP-K/1/2019', 2555, '2019-1-4'),
    (10, 7, 'IZIN/10/IUP-K/4/2013', 2920, '2013-4-10'),
    (11, 6, 'IZIN/11/IUP/4/2013', 1825, '2013-4-16'),
    (12, 6, 'IZIN/12/IUP/2/2015', 1825, '2015-2-11'),
    (13, 7, 'IZIN/13/IUP-K/3/2013', 2190, '2013-3-4'),
    (14, 7, 'IZIN/14/IUP-K/8/2021', 1460, '2021-8-2'),
    (15, 7, 'IZIN/15/IUP-K/3/2018', 1825, '2018-3-19'),
    (16, 6, 'IZIN/16/IUP/3/2021', 1460, '2021-3-2'),
    (17, 6, 'IZIN/17/IUP/3/2020', 1825, '2020-3-7'),
    (18, 6, 'IZIN/18/IUP/3/2020', 1825, '2020-3-15'),
    (19, 7, 'IZIN/19/IUP-K/6/2020', 1460, '2020-6-13'),
    (20, 5, 'IZIN/20/MIGAS/6/2018', 3650, '2018-6-25'),
    (21, 5, 'IZIN/21/MIGAS/2/2020', 3650, '2020-2-19'),
    (22, 5, 'IZIN/22/MIGAS/9/2016', 6205, '2016-9-23'),
    (23, 5, 'IZIN/23/MIGAS/9/2015', 4015, '2015-9-25'),
    (24, 5, 'IZIN/24/MIGAS/3/2017', 6570, '2017-3-10'),
    (25, 5, 'IZIN/25/MIGAS/8/2014', 6570, '2014-8-26'),
    (26, 5, 'IZIN/26/MIGAS/7/2020', 4745, '2020-7-21'),
    (27, 5, 'IZIN/27/MIGAS/5/2017', 6935, '2017-5-15'),
    (28, 5, 'IZIN/28/MIGAS/9/2013', 6205, '2013-9-20'),
    (29, 5, 'IZIN/29/MIGAS/2/2014', 6935, '2014-2-19'),
    (30, 5, 'IZIN/30/MIGAS/11/2016', 4745, '2016-11-18'),
    (31, 6, 'IZIN/31/IUP/4/2018', 1825, '2018-4-3'),
    (32, 7, 'IZIN/32/IUP-K/8/2016', 2555, '2016-8-4'),
    (33, 7, 'IZIN/33/IUP-K/1/2018', 2920, '2018-1-15'),
    (34, 7, 'IZIN/34/IUP-K/6/2020', 1460, '2020-6-13'),
    (35, 6, 'IZIN/35/IUP/10/2014', 1825, '2014-10-25'),
    (36, 7, 'IZIN/36/IUP-K/4/2014', 2190, '2014-4-3'),
    (37, 1, 'IZIN/37/IUPPHHK-HA/8/2016', 1825, '2016-8-16'),
    (38, 1, 'IZIN/38/IUPPHHK-HA/1/2018', 1095, '2018-1-18'),
    (39, 1, 'IZIN/39/IUPPHHK-HA/1/2021', 1460, '2021-1-22'),
    (40, 1, 'IZIN/40/IUPPHHK-HA/10/2015', 1825, '2015-10-14'),
    (41, 1, 'IZIN/41/IUPPHHK-HA/11/2019', 1095, '2019-11-19'),
    (42, 2, 'IZIN/42/IUPPHHK-TI/12/2014', 1825, '2014-12-22'),
    (43, 1, 'IZIN/43/IUPPHHK-HA/2/2018', 1095, '2018-2-28'),
    (44, 2, 'IZIN/44/IUPPHHK-TI/11/2013', 1095, '2013-11-18'),
    (45, 2, 'IZIN/45/IUPPHHK-TI/6/2014', 1095, '2014-6-29'),
    (46, 8, 'IZIN/46/IPA/11/2019', 1095, '2019-11-19'),
    (47, 8, 'IZIN/47/IPA/12/2018', 1095, '2018-12-27'),
    (48, 8, 'IZIN/48/IPA/1/2017', 1825, '2017-1-23'),
    (49, 6, 'IZIN/49/IUP/11/2021', 1825, '2021-11-1'),
    (50, 4, 'IZIN/50/IUPER/7/2013', 2555, '2013-7-25'),
    (51, 4, 'IZIN/51/IUPER/7/2021', 2555, '2021-7-19'),
    (52, 4, 'IZIN/52/IUPER/11/2017', 3285, '2017-11-22'),
    (53, 4, 'IZIN/53/IUPER/9/2016', 2920, '2016-9-3'),
    (54, 4, 'IZIN/54/IUPER/10/2016', 3650, '2016-10-25'),
    (55, 4, 'IZIN/55/IUPER/8/2018', 3285, '2018-8-23'),
    (56, 4, 'IZIN/56/IUPER/3/2018', 3650, '2018-3-21'),
    (57, 4, 'IZIN/57/IUPER/6/2013', 3285, '2013-6-6'),
    (58, 4, 'IZIN/58/IUPER/6/2019', 1825, '2019-6-28'),
    (59, 4, 'IZIN/59/IUPER/4/2016', 2190, '2016-4-25'),
    (60, 4, 'IZIN/60/IUPER/11/2020', 3650, '2020-11-13'),
    (61, 4, 'IZIN/61/IUPER/7/2021', 2190, '2021-7-8'),
    (62, 4, 'IZIN/62/IUPER/3/2019', 2920, '2019-3-10'),
    (63, 4, 'IZIN/63/IUPER/7/2019', 3285, '2019-7-26'),
    (64, 4, 'IZIN/64/IUPER/8/2013', 2555, '2013-8-1'),
    (65, 5, 'IZIN/65/MIGAS/8/2020', 7300, '2020-8-7'),
    (66, 5, 'IZIN/66/MIGAS/10/2019', 6570, '2019-10-19'),
    (67, 5, 'IZIN/67/MIGAS/10/2015', 5840, '2015-10-29'),
    (68, 5, 'IZIN/68/MIGAS/6/2020', 5475, '2020-6-22'),
    (69, 5, 'IZIN/69/MIGAS/8/2015', 6570, '2015-8-24'),
    (70, 5, 'IZIN/70/MIGAS/1/2018', 6935, '2018-1-15'),
    (71, 5, 'IZIN/71/MIGAS/9/2014', 6570, '2014-9-22'),
    (72, 5, 'IZIN/72/MIGAS/2/2017', 6205, '2017-2-16'),
    (73, 5, 'IZIN/73/MIGAS/6/2013', 7300, '2013-6-21'),
    (74, 5, 'IZIN/74/MIGAS/4/2020', 6205, '2020-4-12'),
    (75, 5, 'IZIN/75/MIGAS/9/2017', 5475, '2017-9-16');

INSERT INTO
    menjalin (
        KdPerusahaan, KdKS,
        StatusKeanggotaan
    )
VALUES 
    (1, 2, 'Anggota'),
    (23, 1, 'Induk'),
    (53, 3, 'Anggota'),
    (32, 2, 'Anggota'),
    (65, 1, 'Induk'),
    (12, 2, 'Anggota'),
    (35, 2, 'Anggota'),
    (13, 4, 'Anggota'),
    (35, 4, 'Anggota'),
    (11, 2, 'Anggota'),
    (24, 3, 'Anggota'),
    (56, 3, 'Anggota'),
    (45, 1, 'Anggota'),
    (35, 1, 'Induk'),
    (66, 1, 'Induk'),
    (34, 3, 'Anggota'),
    (64, 3, 'Anggota'),
    (39, 4, 'Anggota'),
    (40, 4, 'Anggota'),
    (13, 4, 'Anggota'),
    (45, 2, 'Anggota'),
    (67, 1, 'Induk'),
    (50, 2, 'Anggota'),
    (10, 2, 'Anggota'),
    (2, 1, 'Anggota'),
    (7, 3, 'Anggota'),
    (28, 4, 'Anggota'),
    (43, 1, 'Induk'),
    (47, 2, 'Anggota'),
    (63, 1, 'Anggota'),
    (21, 2, 'Anggota'),
    (42, 3, 'Anggota'),
    (53, 4, 'Anggota'),
    (22, 4, 'Anggota'),
    (21, 3, 'Anggota');

INSERT INTO
    menghasilkan_produk_hutan (
        KdSitusHutan, KdProdHutan
    )
VALUES
    (601, 16),
    (601, 57),
    (601, 64),
    (601, 75),
    (602, 72),
    (603, 96),
    (605, 12),
    (605, 25),
    (605, 48),
    (605, 100),
    (605, 109),
    (606, 16),
    (607, 63),
    (607, 79),
    (607, 84),
    (608, 53),
    (609, 3),
    (609, 48),
    (609, 62),
    (609, 81),
    (609, 103),
    (610, 103),
    (610, 107),
    (611, 11),
    (611, 26),
    (611, 30),
    (611, 52),
    (611, 110),
    (612, 53),
    (612, 105),
    (613, 92),
    (613, 108),
    (614, 17),
    (614, 41),
    (614, 58),
    (614, 70),
    (614, 94),
    (615, 2),
    (615, 74),
    (615, 83),
    (616, 65),
    (616, 89),
    (617, 5),
    (617, 33),
    (618, 10),
    (618, 57),
    (618, 65),
    (618, 66),
    (619, 2),
    (620, 10),
    (620, 49),
    (621, 102),
    (622, 106),
    (623, 14),
    (623, 74),
    (624, 10),
    (624, 22),
    (624, 49),
    (624, 60),
    (624, 67),
    (625, 30),
    (626, 15),
    (626, 80),
    (627, 54),
    (627, 54),
    (627, 64),
    (628, 40),
    (628, 97),
    (628, 114),
    (629, 90),
    (630, 9),
    (631, 19),
    (631, 38),
    (631, 92),
    (631, 94),
    (632, 57),
    (632, 72),
    (632, 85),
    (633, 7),
    (633, 46),
    (633, 80),
    (633, 86),
    (633, 93),
    (633, 108),
    (634, 47),
    (634, 51),
    (635, 86),
    (635, 93),
    (635, 106),
    (635, 114),
    (636, 4),
    (636, 95),
    (637, 24),
    (637, 70),
    (638, 3),
    (638, 21),
    (639, 90),
    (640, 76),
    (641, 10),
    (641, 15),
    (641, 31),
    (641, 109),
    (642, 13),
    (642, 28),
    (642, 32),
    (642, 44),
    (642, 89),
    (642, 114),
    (642, 115),
    (643, 25),
    (643, 33),
    (643, 60),
    (643, 61),
    (643, 67),
    (643, 69),
    (644, 3),
    (644, 12),
    (644, 51),
    (644, 85),
    (646, 32),
    (646, 72),
    (647, 77),
    (648, 47),
    (650, 68),
    (650, 91),
    (651, 18),
    (651, 18),
    (651, 104),
    (652, 59),
    (652, 89),
    (653, 45),
    (653, 54),
    (653, 68),
    (654, 8),
    (655, 18),
    (655, 27),
    (655, 105),
    (655, 111),
    (656, 50),
    (656, 111),
    (657, 8),
    (657, 19),
    (657, 25),
    (657, 75),
    (657, 87),
    (657, 92),
    (657, 107),
    (658, 27),
    (658, 77),
    (658, 78),
    (659, 5),
    (659, 41),
    (660, 15),
    (660, 50),
    (660, 70),
    (660, 104),
    (661, 24),
    (661, 55),
    (661, 70),
    (661, 76),
    (662, 84),
    (662, 115),
    (663, 54),
    (663, 75),
    (663, 87),
    (663, 109),
    (664, 75),
    (664, 76),
    (664, 99),
    (665, 1),
    (665, 9),
    (665, 33),
    (665, 113),
    (667, 2),
    (667, 77),
    (668, 19),
    (668, 20),
    (668, 53),
    (668, 109),
    (669, 11),
    (669, 13),
    (669, 102),
    (670, 2),
    (670, 47),
    (670, 82),
    (670, 86),
    (670, 110),
    (671, 52),
    (671, 98),
    (672, 86),
    (672, 106),
    (672, 107),
    (673, 74),
    (673, 93),
    (674, 85),
    (674, 93),
    (675, 74),
    (675, 115),
    (676, 62),
    (676, 70);

INSERT INTO
    menghasilkan_produk_kebun (
        KdSitusKebun, KdProdKebun
    )
VALUES
    (677, 1),
    (678, 2),
    (679, 3),
    (680, 4),
    (681, 5),
    (682, 6),
    (683, 6),
    (684, 7),
    (685, 8),
    (686, 4),
    (687, 4),
    (688, 9),
    (689, 7),
    (690, 10),
    (691, 7),
    (692, 11),
    (693, 7),
    (694, 12),
    (695, 7),
    (696, 7),
    (697, 7),
    (698, 12),
    (699, 7),
    (700, 7),
    (701, 12),
    (702, 12),
    (703, 7),
    (704, 7),
    (705, 8),
    (706, 13),
    (707, 4),
    (708, 7),
    (709, 14),
    (710, 8),
    (711, 8),
    (712, 8),
    (713, 8),
    (714, 14),
    (715, 8),
    (716, 8),
    (717, 6),
    (718, 9),
    (719, 11),
    (720, 11),
    (721, 15),
    (722, 15),
    (723, 14),
    (724, 7),
    (725, 7);

INSERT INTO
    menghasilkan_produk_tambang (
        KdSitusTambang, KdProdTambang
    )
VALUES
    (546, 1),
    (546, 4),
    (546, 15),
    (546, 25),
    (547, 15),
    (547, 16),
    (548, 8),
    (548, 14),
    (548, 24),
    (548, 28),
    (549, 30),
    (550, 30),
    (551, 9),
    (551, 13),
    (551, 20),
    (551, 25),
    (552, 1),
    (552, 16),
    (553, 5),
    (553, 6),
    (553, 9),
    (553, 12),
    (553, 16),
    (553, 23),
    (553, 24),
    (553, 27),
    (554, 4),
    (554, 8),
    (554, 9),
    (554, 13),
    (555, 10),
    (555, 13),
    (555, 18),
    (555, 26),
    (556, 8),
    (556, 28),
    (557, 2),
    (557, 14),
    (557, 15),
    (557, 16),
    (557, 22),
    (558, 2),
    (558, 4),
    (558, 11),
    (558, 22),
    (558, 27),
    (559, 6),
    (559, 22),
    (559, 23),
    (559, 29),
    (560, 4),
    (560, 5),
    (560, 28),
    (561, 10),
    (561, 19),
    (561, 22),
    (562, 2),
    (562, 7),
    (562, 7),
    (562, 29),
    (563, 3),
    (563, 8),
    (563, 11),
    (563, 14),
    (563, 20),
    (563, 30),
    (564, 6),
    (564, 11),
    (564, 15),
    (565, 16),
    (565, 17),
    (565, 22),
    (565, 23),
    (565, 27),
    (566, 6),
    (566, 12),
    (566, 21),
    (567, 3),
    (567, 23),
    (567, 26),
    (568, 17),
    (569, 3),
    (569, 10),
    (569, 18),
    (569, 22),
    (569, 29),
    (569, 30),
    (570, 4),
    (570, 11),
    (570, 14),
    (570, 24),
    (570, 27),
    (570, 28),
    (571, 14),
    (571, 26),
    (571, 29),
    (572, 1),
    (572, 12),
    (572, 18),
    (572, 22),
    (572, 28),
    (573, 13),
    (573, 14),
    (573, 20),
    (573, 22),
    (573, 22),
    (573, 30),
    (574, 29),
    (575, 12),
    (575, 16),
    (575, 18),
    (575, 20),
    (575, 25),
    (575, 26),
    (575, 29),
    (576, 8),
    (576, 12),
    (576, 20),
    (576, 30),
    (577, 6),
    (577, 7),
    (577, 17),
    (577, 18),
    (577, 21),
    (577, 24),
    (577, 24),
    (578, 2),
    (578, 7),
    (578, 10),
    (578, 19),
    (578, 22),
    (578, 23),
    (578, 28),
    (579, 20),
    (579, 22),
    (580, 7),
    (580, 10),
    (580, 27),
    (581, 12),
    (581, 18),
    (582, 3),
    (582, 11),
    (582, 13),
    (582, 13),
    (582, 25),
    (583, 20),
    (583, 24),
    (584, 4),
    (585, 7),
    (585, 7),
    (585, 9),
    (585, 17),
    (585, 19),
    (585, 24),
    (586, 3),
    (586, 16),
    (586, 29),
    (587, 4),
    (587, 21),
    (587, 29),
    (588, 10),
    (588, 13),
    (588, 14),
    (589, 17),
    (589, 25),
    (590, 5),
    (590, 9),
    (590, 29),
    (590, 29),
    (592, 1),
    (592, 8),
    (592, 9),
    (592, 16),
    (592, 21),
    (593, 5),
    (593, 5),
    (594, 17),
    (594, 23),
    (594, 27),
    (595, 1),
    (595, 1),
    (595, 13),
    (595, 21),
    (595, 29),
    (596, 11),
    (596, 23),
    (596, 26),
    (597, 7),
    (597, 20),
    (597, 23),
    (597, 25),
    (597, 28),
    (598, 16),
    (598, 21),
    (599, 6),
    (599, 13),
    (599, 15),
    (600, 15),
    (600, 20),
    (600, 25);

INSERT INTO 
    mengandung (
        KdProdTambang, 
        KdUnsur, Persentase
    )
VALUES
    (1, 8, 65),
    (1, 9, 20),
    (2, 8, 76),
    (2, 17, 13),
    (3, 2, 63.4),
    (3, 11, 26.5),
    (3, 31, 6.4),
    (3, 16, 2.1),
    (3, 10, 1.6),
    (4, 8, 49.88),
    (4, 19, 15.86),
    (4, 17, 10.09),
    (4, 12, 9.35),
    (5, 12, 63.1),
    (5, 8, 20.6),
    (5, 17, 6.35),
    (6, 17, 53),
    (6, 28, 4.5),
    (6, 13, 2.7),
    (6, 8, 1.7),
    (7, 17, 35.69),
    (7, 28, 0.97),
    (7, 13, 1.49),
    (7, 8, 49.28),
    (8, 16, 100),
    (9, 1, 69.66),
    (9, 11, 24.35),
    (10, 1, 75.73),
    (10, 11, 15.7),
    (11, 1, 45.95),
    (11, 16, 43.78),
    (12, 1, 48.2),
    (12, 2, 10.37),
    (12, 11, 41.43),
    (13, 32, 100),
    (14, 33, 14.43),
    (14, 13, 51.23),
    (15, 8, 72.04),
    (15, 17, 14.42),
    (16, 34, 46.6),
    (16, 13, 32.5),
    (17, 2, 100),
    (18, 3, 100),
    (19, 13, 42),
    (19, 8, 25),
    (19, 13, 4),
    (19, 8, 32),
    (19, 19, 2.5),
    (19, 20, 2.5),
    (20, 4, 100),
    (21, 13, 77),
    (21, 17, 12),
    (21, 21, 4),
    (21, 22, 1.5),
    (22, 4, 0.2),
    (22, 16, 0.05),
    (22, 1, 49),
    (22, 8, 26),
    (23, 8, 78),
    (23, 23, 22),
    (24, 24, 100),
    (25, 25, 88),
    (25, 26, 12),
    (26, 27, 100),
    (27, 8, 72),
    (27, 17, 13),
    (27, 28, 5),
    (27, 25, 34.5),
    (28, 1, 30.5),
    (28, 16, 35),
    (28, 5, 0.45),
    (29, 26, 58),
    (29, 1, 1.2),
    (29, 29, 3.4),
    (30, 30, 100);

GO
-- !SECTION Done || Insert data